courseTerm,crn,seatCapacity,seatActual,seatRemaining,waitlistCapacity,waitlistActual,waitlistRemaining
202108,80745,75,75,0,30,0,30
202202,25245,65,65,0,25,0,25
202202,20643,65,65,0,25,0,25
202108,86105,75,75,0,30,0,30
202108,82524,75,74,1,25,0,25
202202,25244,65,49,16,25,0,25
202108,80744,50,50,0,15,0,15
202202,20642,65,63,2,25,0,25
202202,25261,65,34,31,25,0,25
202108,82514,70,64,6,25,0,25
202202,30711,65,63,2,25,0,25
202108,80746,50,31,19,15,0,15
202202,22178,65,65,0,25,0,25
202108,86145,75,73,2,25,0,25
202202,32156,65,42,23,0,0,0
202108,87776,65,63,2,0,0,0
202202,32157,50,26,24,0,0,0
202108,87778,50,45,5,0,0,0
202202,32158,50,17,33,0,0,0
202108,87779,50,15,35,0,0,0
202202,32159,50,15,35,0,0,0
202108,87780,50,16,34,0,0,0
202205,57269,5,0,5,25,0,25
202108,85733,250,250,0,0,0,0
202202,24911,252,251,1,55,0,55
202108,87719,250,250,0,0,0,0
202202,26448,252,250,2,55,0,55
202108,93270,251,251,0,0,0,0
202108,83582,50,42,8,0,0,0
202202,30218,251,250,1,50,0,50
202202,30987,40,39,1,0,0,0
202108,85158,250,250,0,0,0,0
202108,94774,50,42,8,0,0,0
202202,24441,255,255,0,50,0,50
202202,30989,40,28,12,0,0,0
202202,24442,254,254,0,55,0,55
202108,91605,40,28,12,0,0,0
202108,94085,250,250,0,0,0,0
202202,30990,40,28,12,0,0,0
202202,24443,250,249,1,40,0,40
202108,85159,250,250,0,0,0,0
202108,83794,40,28,12,0,0,0
202202,33589,50,39,11,0,0,0
202202,28693,175,174,1,0,0,0
202108,90771,176,176,0,0,0,0
202205,57270,20,0,20,0,0,0
202108,90776,25,22,3,10,0,10
202202,28703,25,24,1,5,0,5
202108,90896,16,17,0,0,0,0
202108,90772,27,26,1,10,0,10
202202,28694,25,25,0,10,0,10
202108,82273,16,17,0,0,0,0
202108,90780,25,25,0,10,0,10
202202,28707,25,25,0,5,0,5
202108,89349,25,25,0,25,0,25
202108,88145,56,56,0,0,0,0
202202,28764,16,16,0,0,0,0
202108,90775,25,24,1,10,0,10
202202,27696,25,23,2,25,0,25
202202,28702,25,25,0,5,0,5
202108,88146,68,69,0,0,0,0
202108,91541,18,14,4,25,0,25
202108,90774,25,26,0,10,0,10
202202,21967,16,16,0,0,0,0
202202,28696,25,25,0,5,0,5
202202,33787,25,12,13,25,0,25
202108,93009,30,26,4,25,0,25
202108,88147,46,47,0,0,0,0
202202,29132,18,17,1,25,0,25
202108,90777,26,28,0,10,0,10
202202,26779,95,76,19,0,0,0
202202,28704,25,25,0,10,0,10
202108,91545,30,30,0,25,0,25
202108,86044,67,64,3,0,0,0
202202,32894,25,10,15,25,0,25
202108,90773,25,25,0,10,0,10
202202,26780,57,57,0,0,0,0
202202,28695,25,25,0,5,0,5
202108,83274,25,14,11,25,0,25
202108,86046,57,57,0,0,0,0
202108,90782,175,174,1,0,0,0
202202,26781,48,23,25,0,0,0
202202,28709,175,173,2,0,0,0
202108,95157,5,5,0,25,0,25
202108,86849,50,4,46,0,0,0
202205,57251,20,0,20,8,0,8
202108,90788,25,25,0,10,0,10
202202,28715,25,24,1,5,0,5
202202,25204,85,78,7,0,0,0
202108,93502,70,60,10,0,0,0
202202,32769,1,1,0,25,0,25
202108,90783,25,26,0,10,0,10
202202,28710,25,25,0,5,0,5
202202,25205,72,42,30,0,0,0
202108,93972,10,8,2,25,0,25
202108,93503,65,46,19,0,0,0
202202,32896,11,8,3,25,0,25
202202,28714,25,25,0,5,0,5
202108,90787,25,25,0,10,0,10
202202,25799,10,2,8,0,0,0
202108,94674,50,0,50,0,0,0
202202,28713,25,25,0,5,0,5
202108,90789,25,23,2,10,0,10
202202,28550,75,76,0,0,0,0
202108,89289,5,1,4,0,0,0
202202,28716,25,24,1,5,0,5
202108,90786,25,25,0,10,0,10
202202,28551,60,23,37,0,0,0
202108,89290,5,3,2,0,0,0
202202,28717,25,25,0,5,0,5
202108,90790,25,25,0,10,0,10
202202,32295,10,2,8,0,0,0
202108,90565,5,2,3,0,0,0
202202,28712,25,25,0,5,0,5
202108,90785,25,25,0,10,0,10
202202,27673,5,3,2,0,0,0
202108,90567,5,2,3,0,0,0
202108,94845,50,50,0,10,0,10
202202,28718,50,41,9,0,0,0
202108,80002,49,45,4,0,0,0
202202,27674,5,4,1,0,0,0
202202,28719,25,20,5,5,0,5
202108,93991,50,50,0,0,0,0
202202,20002,48,48,0,0,0,0
202108,85491,55,53,2,0,0,0
202202,28720,25,21,4,5,0,5
202108,91759,46,45,1,5,0,5
202202,24727,65,64,1,0,0,0
202108,86072,20,11,9,0,0,0
202108,94095,12,8,4,5,0,5
202202,25222,17,14,3,0,0,0
202202,33180,51,51,0,15,0,15
202108,93504,60,32,28,0,0,0
202108,91551,16,8,8,5,0,5
202202,28552,55,42,13,0,0,0
202202,31318,15,16,0,5,0,5
202108,85218,20,17,3,0,0,0
202108,93505,60,49,11,0,0,0
202202,28553,55,54,1,0,0,0
202202,31317,10,2,8,0,0,0
202108,91561,10,3,7,0,0,0
202108,89291,5,0,5,0,0,0
202202,32252,17,14,3,0,0,0
202202,33406,30,21,9,0,0,0
202108,89292,5,1,4,0,0,0
202108,89298,10,2,8,0,0,0
202202,27675,5,0,5,0,0,0
202108,90553,80,0,80,0,0,0
202202,33046,15,7,8,5,0,5
202108,90564,5,0,5,0,0,0
202108,82394,5,0,5,0,0,0
202202,27676,5,4,1,0,0,0
202108,92854,20,12,8,0,0,0
202202,31286,12,1,11,5,0,5
202108,82391,5,0,5,0,0,0
202108,93506,5,0,5,0,0,0
202202,22062,5,0,5,0,0,0
202108,94812,20,12,8,0,0,0
202108,83281,5,3,2,0,0,0
202202,28765,7,7,0,0,0,0
202108,90897,7,7,0,0,0,0
202202,22059,5,0,5,0,0,0
202202,21968,7,7,0,0,0,0
202108,82393,5,0,5,0,0,0
202108,92718,15,13,2,0,0,0
202108,82274,7,7,0,0,0,0
202202,30913,75,0,75,0,0,0
202202,22837,5,2,3,0,0,0
202108,82395,5,0,5,0,0,0
202202,28613,135,126,9,0,0,0
202108,92853,20,12,8,0,0,0
202202,22061,5,0,5,0,0,0
202108,90654,110,111,0,0,0,0
202202,33582,15,11,4,0,0,0
202202,25208,12,12,0,0,0,0
202108,92855,20,12,8,0,0,0
202108,83282,10,7,3,0,0,0
202202,22063,5,1,4,0,0,0
202108,86054,11,12,0,0,0,0
202202,33627,15,10,5,0,0,0
202108,92857,20,11,9,0,0,0
202202,25209,12,12,0,0,0,0
202108,86546,5,0,5,0,0,0
202202,22838,5,6,0,0,0,0
202202,25210,12,12,0,0,0,0
202108,86055,11,12,0,0,0,0
202202,30914,20,12,8,0,0,0
202108,82392,5,2,3,0,0,0
202202,25560,5,0,5,0,0,0
202205,56493,300,0,300,999,0,999
202202,25211,12,10,2,0,0,0
202108,86056,11,11,0,0,0,0
202202,30915,20,12,8,0,0,0
202108,86543,5,0,5,0,0,0
202202,33327,193,190,3,0,0,0
202202,22060,5,2,3,0,0,0
202205,54937,175,0,175,50,0,50
202108,90555,70,0,70,0,0,0
202108,86057,11,10,1,0,0,0
202202,33628,15,10,5,0,0,0
202202,25212,12,12,0,0,0,0
202202,33328,24,24,0,10,0,10
202108,92858,15,12,3,0,0,0
202202,25557,5,0,5,0,0,0
202108,86058,11,11,0,0,0,0
202202,30916,20,11,9,0,0,0
202202,30858,12,12,0,0,0,0
202202,33329,24,24,0,10,0,10
202108,94826,15,12,3,0,0,0
202108,93939,11,11,0,0,0,0
202202,30690,37,37,0,0,0,0
202202,30859,12,12,0,0,0,0
202202,33330,24,23,1,10,0,10
202108,92762,15,13,2,0,0,0
202108,93940,11,11,0,0,0,0
202202,30691,37,29,8,0,0,0
202202,30860,12,12,0,0,0,0
202202,33331,24,24,0,10,0,10
202108,92686,15,11,4,0,0,0
202202,33656,75,0,75,0,0,0
202108,93943,11,11,0,0,0,0
202202,30861,12,8,4,0,0,0
202202,33332,24,24,0,10,0,10
202108,92717,15,12,3,0,0,0
202108,93944,11,11,0,0,0,0
202202,30926,20,12,8,0,0,0
202202,33333,24,24,0,10,0,10
202202,30862,12,12,0,0,0,0
202108,93945,11,11,0,0,0,0
202108,90887,30,25,5,0,0,0
202202,30925,20,13,7,0,0,0
202202,33397,12,9,3,0,0,0
202202,33334,24,24,0,10,0,10
202108,90888,35,19,16,0,0,0
202202,30924,20,12,8,0,0,0
202202,33335,24,24,0,5,0,5
202108,86074,110,111,0,0,0,0
202202,33398,11,3,8,0,0,0
202108,80393,65,42,23,0,0,0
202205,57267,20,0,20,0,0,0
202202,33629,15,12,3,0,0,0
202202,25224,135,126,9,0,0,0
202108,89506,10,0,10,0,0,0
202202,33337,192,100,92,0,0,0
202205,57261,0,0,0,0,0,0
202108,81866,110,79,31,0,0,0
202108,90574,80,77,3,0,0,0
202202,30927,20,12,8,0,0,0
202108,90212,25,0,25,0,0,0
202202,32376,10,0,10,0,0,0
202202,30629,112,112,0,0,0,0
202108,80120,80,81,0,0,0,0
202205,57259,20,0,20,0,0,0
202108,94990,288,286,2,0,0,0
202202,30680,78,72,6,0,0,0
202202,33338,192,141,51,0,0,0
202108,91929,24,21,3,5,0,5
202108,90122,10,0,10,0,0,0
202202,27740,10,0,10,0,0,0
202108,92856,50,47,3,0,0,0
202205,57256,20,0,20,0,0,0
202202,30681,72,38,34,0,0,0
202202,31655,20,20,0,12,0,12
202108,87579,10,0,10,0,0,0
202108,92859,15,13,2,0,0,0
202108,91930,24,18,6,5,0,5
202202,33734,10,0,10,0,0,0
202205,57264,20,0,20,0,0,0
202202,33630,100,0,100,0,0,0
202108,90109,10,0,10,0,0,0
202202,31657,24,24,0,12,0,12
202108,92861,15,13,2,0,0,0
202108,91931,24,18,6,5,0,5
202202,28147,10,0,10,0,0,0
202202,31371,15,12,3,0,0,0
202205,57263,20,0,20,0,0,0
202108,90103,10,0,10,0,0,0
202108,92863,15,13,2,0,0,0
202108,91932,24,20,4,5,0,5
202202,26350,10,0,10,0,0,0
202205,57258,20,0,20,0,0,0
202202,31370,15,13,2,0,0,0
202202,31662,20,20,0,12,0,12
202108,83252,10,0,10,0,0,0
202108,92745,15,13,2,0,0,0
202202,28134,10,0,10,0,0,0
202108,94991,24,24,0,0,0,0
202202,31664,24,24,0,12,0,12
202202,31367,15,12,3,0,0,0
202205,57268,20,0,20,0,0,0
202108,86307,50,38,12,0,0,0
202108,84902,10,0,10,0,0,0
202108,94993,24,23,1,0,0,0
202108,94704,50,48,2,0,0,0
202202,31665,24,24,0,12,0,12
202202,33653,75,0,75,0,0,0
202205,57260,20,0,20,0,0,0
202202,28128,10,0,10,0,0,0
202108,82880,25,0,25,0,0,0
202108,94994,24,24,0,0,0,0
202202,22814,10,0,10,0,0,0
202108,90557,50,0,50,0,0,0
202202,30928,20,10,10,0,0,0
202202,33340,24,23,1,5,0,5
202108,90228,10,0,10,0,0,0
202205,57265,20,0,20,0,0,0
202108,94995,24,24,0,0,0,0
202108,92682,15,12,3,0,0,0
202202,24213,10,1,9,0,0,0
202205,57262,20,0,20,0,0,0
202202,33341,24,24,0,5,0,5
202108,88543,10,0,10,0,0,0
202202,33631,15,8,7,0,0,0
202108,94996,24,24,0,0,0,0
202108,94703,15,12,3,0,0,0
202202,22505,25,0,25,0,0,0
202202,33342,24,24,0,5,0,5
202108,89507,10,0,10,0,0,0
202205,57266,20,0,20,0,0,0
202202,30929,20,9,11,0,0,0
202108,94997,24,24,0,0,0,0
202108,92763,15,11,4,0,0,0
202202,28233,10,0,10,0,0,0
202202,33343,24,24,0,5,0,5
202108,84847,10,0,10,0,0,0
202202,33632,15,10,5,0,0,0
202205,54116,700,0,700,999,0,999
202108,94998,14,14,0,0,0,0
202108,86176,5,1,4,0,0,0
202202,27087,10,0,10,0,0,0
202108,88577,10,0,10,0,0,0
202202,33344,24,23,1,5,0,5
202205,55186,300,0,300,50,0,50
202202,30901,11,9,2,3,0,3
202108,94999,15,15,0,0,0,0
202108,90819,63,56,7,0,0,0
202108,94673,5,5,0,0,0,0
202202,34055,10,0,10,0,0,0
202202,33345,24,23,1,5,0,5
202108,88808,10,0,10,0,0,0
202202,33042,16,6,10,5,0,5
202202,31383,15,14,1,0,0,0
202205,54784,750,0,750,999,0,999
202108,95000,24,24,0,0,0,0
202108,84151,63,56,7,0,0,0
202108,88694,10,0,10,0,0,0
202202,27741,10,0,10,0,0,0
202108,83235,10,0,10,0,0,0
202202,30630,120,79,41,0,0,0
202202,33040,16,7,9,10,0,10
202205,55811,100,0,100,999,0,999
202202,30981,10,6,4,0,0,0
202108,95001,15,15,0,0,0,0
202108,87378,20,20,0,10,0,10
202108,94910,5,6,0,0,0,0
202202,24159,10,0,10,0,0,0
202202,33339,192,74,118,0,0,0
202108,88064,10,0,10,0,0,0
202202,26238,17,14,3,10,0,10
202108,95002,24,24,0,0,0,0
202205,55874,75,0,75,50,0,50
202202,30689,185,127,58,10,0,10
202108,91709,16,8,8,0,0,0
202108,85259,5,2,3,0,0,0
202202,27115,10,0,10,0,0,0
202108,89508,10,0,10,0,0,0
202202,33038,10,9,1,5,0,5
202202,30906,8,8,0,2,0,2
202205,54452,700,0,700,999,0,999
202108,95003,24,24,0,0,0,0
202108,91711,16,8,8,0,0,0
202108,89637,15,15,0,0,0,0
202108,83544,10,0,10,0,0,0
202202,34263,10,0,10,0,0,0
202202,33552,10,10,0,5,0,5
202202,31571,20,8,12,0,0,0
202108,95004,10,10,0,0,0,0
202205,55875,75,0,75,50,0,50
202108,90131,0,0,0,0,0,0
202108,94874,20,9,11,0,0,0
202108,83064,10,0,10,0,0,0
202202,27294,10,0,10,0,0,0
202202,29364,10,0,10,0,0,0
202202,27202,10,0,10,0,0,0
202205,54460,300,0,300,999,0,999
202108,95005,9,9,0,0,0,0
202108,93964,35,0,35,0,0,0
202108,91964,10,0,10,0,0,0
202202,22797,10,0,10,0,0,0
202202,28558,120,103,17,15,0,15
202108,90121,10,0,10,0,0,0
202205,55187,100,0,100,50,0,50
202202,33898,20,17,3,0,0,0
202202,20426,10,0,10,0,0,0
202108,95007,9,8,1,0,0,0
202108,80465,10,0,10,0,0,0
202108,94943,5,2,3,0,0,0
202202,26729,10,0,10,0,0,0
202202,29347,24,23,1,5,0,5
202108,87578,10,0,10,0,0,0
202202,29365,10,0,10,0,0,0
202202,30974,5,3,2,0,0,0
202108,91965,10,0,10,0,0,0
202108,93511,80,62,18,0,0,0
202202,32375,10,1,9,0,0,0
202202,29348,24,22,2,5,0,5
202108,86009,10,0,10,0,0,0
202205,55902,50,0,50,50,0,50
202202,20427,10,0,10,0,0,0
202202,28154,4,2,2,0,0,0
202108,80466,10,0,10,0,0,0
202108,95008,288,125,163,0,0,0
202202,27742,10,0,10,0,0,0
202202,31666,24,20,4,5,0,5
202108,89037,10,3,7,0,0,0
202205,55903,100,0,100,50,0,50
202202,20428,10,0,10,0,0,0
202108,80467,10,0,10,0,0,0
202108,95009,193,188,5,0,0,0
202202,32866,5,5,0,0,0,0
202202,33735,10,0,10,0,0,0
202202,29128,10,0,10,0,0,0
202108,90110,10,0,10,0,0,0
202108,80468,10,0,10,0,0,0
202202,20429,10,0,10,0,0,0
202202,27165,8,2,6,0,0,0
202108,95010,24,22,2,0,0,0
202202,22657,10,0,10,0,0,0
202202,29129,10,0,10,0,0,0
202108,87340,10,0,10,0,0,0
202205,54785,100,0,100,999,0,999
202202,26457,10,0,10,5,0,5
202108,87736,10,0,10,5,0,5
202202,32971,15,4,11,0,0,0
202108,95011,24,24,0,0,0,0
202202,28146,10,0,10,0,0,0
202202,28614,80,59,21,15,0,15
202108,90104,10,0,10,0,0,0
202205,53692,500,0,500,999,0,999
202202,29366,10,0,10,0,0,0
202108,95012,24,24,0,0,0,0
202108,91966,10,0,10,0,0,0
202202,26349,10,0,10,0,0,0
202108,83558,10,7,3,0,0,0
202202,28615,106,99,7,15,0,15
202202,22305,10,0,10,0,0,0
202205,55188,50,0,50,50,0,50
202108,82659,10,1,9,0,0,0
202108,95013,24,24,0,0,0,0
202202,25174,10,2,8,0,0,0
202108,87339,15,0,15,0,0,0
202202,31668,24,21,3,5,0,5
202205,54117,650,0,650,999,0,999
202108,85300,10,0,10,0,0,0
202202,24555,10,0,10,0,0,0
202108,95014,24,24,0,0,0,0
202108,82881,100,15,85,0,0,0
202202,23454,10,0,10,0,0,0
202202,31669,24,21,3,5,0,5
202205,54118,450,0,450,999,0,999
202108,89035,10,1,9,0,0,0
202108,83766,10,0,10,0,0,0
202108,95015,24,24,0,0,0,0
202202,23243,10,0,10,0,0,0
202202,27473,10,4,6,0,0,0
202202,28621,88,78,10,10,0,10
202205,54453,400,0,400,999,0,999
202108,88544,10,0,10,0,0,0
202202,29367,10,0,10,0,0,0
202108,91967,10,0,10,0,0,0
202202,28135,10,0,10,0,0,0
202108,95017,23,21,2,0,0,0
202202,28617,150,136,14,20,0,20
202205,54831,75,0,75,50,0,50
202108,88292,40,0,40,0,0,0
202108,90043,1,0,1,0,0,0
202202,22643,10,0,10,0,0,0
202202,26202,10,1,9,0,0,0
202108,83049,10,0,10,0,0,0
202108,95018,24,24,0,0,0,0
202202,28619,174,166,8,45,0,45
202205,55189,25,0,25,50,0,50
202108,84228,10,3,7,0,0,0
202108,92997,5,1,4,0,0,0
202202,21398,10,0,10,0,0,0
202108,81618,10,0,10,0,0,0
202202,28129,10,0,10,0,0,0
202108,95019,125,106,19,0,0,0
202202,31670,24,23,1,15,0,15
202205,56488,150,0,150,999,0,999
202108,89509,10,0,10,0,0,0
202202,22743,10,0,10,0,0,0
202108,88989,5,0,5,0,0,0
202108,83172,10,0,10,0,0,0
202202,23053,10,6,4,0,0,0
202108,90576,60,60,0,0,0,0
202205,54454,150,0,150,999,0,999
202202,31671,24,24,0,15,0,15
202108,82828,10,0,10,0,0,0
202108,90197,5,0,5,0,0,0
202202,29368,10,0,10,0,0,0
202108,91968,10,0,10,0,0,0
202202,26201,15,0,15,0,0,0
202108,91926,20,20,0,10,0,10
202202,33412,24,23,1,15,0,15
202205,55155,513,0,513,999,0,999
202108,85767,10,0,10,0,0,0
202202,20430,10,0,10,0,0,0
202108,95170,5,2,3,0,0,0
202108,80469,10,0,10,0,0,0
202202,22506,100,24,76,0,0,0
202108,91927,20,20,0,10,0,10
202205,56037,30,0,30,0,0,0
202202,33700,9,9,0,0,0,0
202205,55922,800,0,800,999,0,999
202108,83237,30,1,29,0,0,0
202202,29369,10,0,10,0,0,0
202108,89040,5,0,5,0,0,0
202108,91928,20,20,0,10,0,10
202108,91969,10,0,10,0,0,0
202202,32367,5,0,5,0,0,0
202202,33701,9,9,0,0,0,0
202205,56489,300,0,300,999,0,999
202108,83725,10,0,10,0,0,0
202202,29370,10,0,10,0,0,0
202108,90894,25,0,25,0,0,0
202108,90579,109,103,6,15,0,15
202202,27472,10,5,5,0,0,0
202108,91970,10,0,10,0,0,0
202202,33702,9,9,0,0,0,0
202205,55879,15,0,15,0,0,0
202108,86003,10,1,9,0,0,0
202202,22017,10,2,8,0,0,0
202108,94705,19,16,3,0,0,0
202108,91918,16,16,0,5,0,5
202108,82340,10,2,8,0,0,0
202202,27088,10,1,9,0,0,0
202202,32673,25,20,5,5,0,5
202205,55876,50,0,50,50,0,50
202108,88578,10,0,10,0,0,0
202202,22110,10,0,10,0,0,0
202108,95128,5,2,3,0,0,0
202108,91919,16,16,0,5,0,5
202202,32674,30,19,11,5,0,5
202108,82442,10,0,10,0,0,0
202202,26866,40,0,40,0,0,0
202202,29371,10,0,10,0,0,0
202205,56484,100,0,100,50,0,50
202108,95275,5,0,5,0,0,0
202108,85844,20,0,20,0,0,0
202108,91920,16,16,0,5,0,5
202108,91971,10,0,10,0,0,0
202202,23619,10,1,9,0,0,0
202202,28623,130,130,0,25,0,25
202202,23539,10,1,9,0,0,0
202108,85694,20,2,18,0,0,0
202205,56483,100,0,100,50,0,50
202108,90890,25,24,1,0,0,0
202108,91921,16,16,0,5,0,5
202108,84136,10,1,9,0,0,0
202202,34059,10,0,10,0,0,0
202202,30632,20,20,0,10,0,10
202202,31939,3,0,3,0,0,0
202202,22306,10,0,10,0,0,0
202108,94047,16,15,1,5,0,5
202108,94891,21,20,1,0,0,0
202108,88809,10,0,10,0,0,0
202202,27743,10,0,10,0,0,0
202108,82660,10,0,10,0,0,0
202202,32675,14,11,3,5,0,5
202202,21034,10,0,10,0,0,0
202202,28072,1,0,1,0,0,0
202108,82709,10,0,10,0,0,0
202108,94702,10,0,10,0,0,0
202108,94048,16,16,0,5,0,5
202108,81161,10,0,10,0,0,0
202202,22454,10,0,10,0,0,0
202202,33414,150,80,70,5,0,5
202202,32382,2,0,2,0,0,0
202202,22735,10,0,10,0,0,0
202108,85193,20,0,20,0,0,0
202108,94701,10,0,10,0,0,0
202108,91539,35,31,4,10,0,10
202205,56490,150,0,150,999,0,999
202202,30008,5,1,4,0,0,0
202108,86765,65,51,14,0,0,0
202202,24942,10,1,9,0,0,0
202202,29372,10,0,10,0,0,0
202108,83160,10,0,10,0,0,0
202202,29130,16,15,1,10,0,10
202108,90580,110,92,18,20,0,20
202108,90796,100,0,100,0,0,0
202205,56491,100,0,100,999,0,999
202202,33732,5,1,4,0,0,0
202108,95020,48,36,12,0,0,0
202202,21399,10,1,9,0,0,0
202202,29131,16,16,0,10,0,10
202108,86766,90,95,0,0,0,0
202108,91972,10,0,10,0,0,0
202108,92747,15,11,4,0,0,0
202202,23996,10,0,10,0,0,0
202202,27432,5,0,5,0,0,0
202202,30960,16,15,1,10,0,10
202108,91922,24,24,0,5,0,5
202202,23211,10,0,10,0,0,0
202108,93937,65,52,13,0,0,0
202202,21622,10,0,10,0,0,0
202108,81619,10,0,10,0,0,0
202108,92877,15,11,4,0,0,0
202205,55180,700,0,700,999,0,999
202202,28208,5,0,5,0,0,0
202108,91923,24,23,1,5,0,5
202108,92746,15,11,4,0,0,0
202205,56487,500,0,500,999,0,999
202202,25168,10,0,10,0,0,0
202202,33563,16,16,0,10,0,10
202108,81873,10,0,10,0,0,0
202202,24600,10,0,10,0,0,0
202202,33867,5,1,4,0,0,0
202108,93938,95,89,6,0,0,0
202108,94049,24,23,1,5,0,5
202108,92876,15,11,4,0,0,0
202108,85352,10,0,10,0,0,0
202205,56465,100,0,100,50,0,50
202202,33934,16,15,1,10,0,10
202202,27116,10,3,7,0,0,0
202202,21133,10,0,10,0,0,0
202202,27476,5,0,5,0,0,0
202108,86767,90,72,18,0,0,0
202108,94831,15,10,5,0,0,0
202108,95021,24,21,3,0,0,0
202108,81266,10,0,10,0,0,0
202205,56486,550,0,550,999,0,999
202202,32676,30,17,13,5,0,5
202202,25013,20,0,20,0,0,0
202202,29373,10,0,10,0,0,0
202202,31832,5,0,5,0,0,0
202108,95022,24,15,9,0,0,0
202108,92275,60,0,60,0,0,0
202108,86775,90,93,0,0,0,0
202108,91973,10,0,10,0,0,0
202202,32677,24,7,17,5,0,5
202205,56466,50,0,50,50,0,50
202202,24874,20,1,19,0,0,0
202202,33634,25,19,6,0,0,0
202202,20431,10,2,8,0,0,0
202108,86768,65,49,16,0,0,0
202108,94833,15,11,4,0,0,0
202108,91480,0,0,0,0,0,0
202108,80470,10,2,8,0,0,0
202202,33633,15,0,15,0,0,0
202202,30962,26,26,0,10,0,10
202202,24783,10,0,10,0,0,0
202205,54456,950,0,950,999,0,999
202108,87409,110,102,8,0,0,0
202108,92683,15,11,4,0,0,0
202202,27295,10,0,10,0,0,0
202108,91540,10,0,10,0,0,0
202108,85578,10,0,10,0,0,0
202202,33635,15,0,15,0,0,0
202108,90914,11,7,4,0,0,0
202202,33378,24,19,5,5,0,5
202108,91542,10,0,10,0,0,0
202205,56472,150,0,150,50,0,50
202108,92878,15,12,3,0,0,0
202202,29374,10,0,10,0,0,0
202202,22345,10,0,10,0,0,0
202108,91974,10,0,10,0,0,0
202202,33636,75,0,75,0,0,0
202202,30633,75,51,24,0,0,0
202108,82275,11,7,4,0,0,0
202108,90655,103,91,12,15,0,15
202108,92716,15,12,3,0,0,0
202205,55812,100,0,100,999,0,999
202202,24471,20,0,20,0,0,0
202202,24788,10,0,10,0,0,0
202108,85586,10,0,10,0,0,0
202202,33376,22,17,5,0,0,0
202108,86770,90,95,0,0,0,0
202202,30930,20,10,10,0,0,0
202108,91934,24,23,1,5,0,5
202205,56035,10,0,10,0,0,0
202108,94838,4,0,4,0,0,0
202202,23506,10,0,10,0,0,0
202202,23327,10,0,10,0,0,0
202108,83886,10,0,10,0,0,0
202202,33375,22,17,5,5,0,5
202108,87410,90,42,48,0,0,0
202108,91936,24,24,0,5,0,5
202202,34235,15,11,4,0,0,0
202202,25750,92,82,10,0,0,0
202108,92685,15,1,14,0,0,0
202202,29184,24,22,2,0,0,0
202108,84122,10,0,10,0,0,0
202202,23529,10,0,10,0,0,0
202108,92169,75,58,17,0,0,0
202202,30931,20,11,9,0,0,0
202108,90656,110,106,4,15,0,15
202202,33820,92,67,25,0,0,0
202108,88088,20,2,18,0,0,0
202202,29185,24,22,2,5,0,5
202202,22021,10,0,10,0,0,0
202108,82347,10,0,10,0,0,0
202108,90664,65,55,10,10,0,10
202108,90658,110,103,7,0,0,0
202202,30934,20,11,9,0,0,0
202202,25751,95,95,0,0,0,0
202108,83427,35,30,5,0,0,0
202202,32678,15,1,14,5,0,5
202202,23534,10,0,10,0,0,0
202108,84130,10,0,10,0,0,0
202202,30933,20,11,9,0,0,0
202108,90659,250,227,23,35,0,35
202108,90662,6,5,1,0,0,0
202108,84618,15,13,2,0,0,0
202202,28597,95,76,19,0,0,0
202202,29134,36,33,3,35,0,35
202202,29375,10,0,10,0,0,0
202202,33637,75,0,75,0,0,0
202108,91975,10,0,10,0,0,0
202108,91937,24,24,0,5,0,5
202108,90690,6,6,0,0,0,0
202108,84619,15,9,6,0,0,0
202202,29135,50,31,19,0,0,0
202108,82723,10,0,10,0,0,0
202202,22355,10,1,9,0,0,0
202202,30941,20,0,20,0,0,0
202202,25757,90,43,47,0,0,0
202108,91939,24,17,7,5,0,5
202108,89636,35,12,23,0,0,0
202108,90691,6,5,1,0,0,0
202202,29136,12,0,12,0,0,0
202202,25752,65,56,9,0,0,0
202205,57253,25,0,25,0,0,0
202108,81879,10,1,9,0,0,0
202202,21625,10,1,9,0,0,0
202202,30938,20,1,19,0,0,0
202108,91941,24,21,3,5,0,5
202108,87810,7,5,2,0,0,0
202108,90693,6,6,0,0,0,0
202202,29137,30,15,15,0,0,0
202202,26250,95,97,0,0,0,0
202205,57254,2,0,2,0,0,0
202108,84819,10,0,10,0,0,0
202202,30942,20,7,13,0,0,0
202202,24131,10,0,10,0,0,0
202108,91947,24,22,2,5,0,5
202108,94659,33,16,17,0,0,0
202202,29389,30,28,2,0,0,0
202108,90694,6,7,0,0,0,0
202205,57250,25,0,25,0,0,0
202202,28768,11,10,1,0,0,0
202108,91976,10,0,10,0,0,0
202202,29376,10,0,10,0,0,0
202205,54833,550,0,550,50,0,50
202108,94312,24,22,2,5,0,5
202202,33639,15,11,4,0,0,0
202108,86175,59,53,6,0,0,0
202202,29402,30,28,2,0,0,0
202202,21969,11,10,1,0,0,0
202205,57252,5,0,5,0,0,0
202108,90695,6,6,0,0,0,0
202108,80472,10,0,10,0,0,0
202202,20432,10,0,10,0,0,0
202205,56093,100,0,100,200,0,200
202108,90665,69,60,9,20,0,20
202202,30936,20,11,9,0,0,0
202108,94835,10,0,10,0,0,0
202202,29400,24,1,23,0,0,0
202202,25753,75,68,7,0,0,0
202202,20433,10,0,10,0,0,0
202108,90696,6,6,0,0,0,0
202108,80473,10,0,10,0,0,0
202205,54834,800,0,800,50,0,50
202108,90815,15,14,1,5,0,5
202202,33638,15,12,3,0,0,0
202202,29401,24,1,23,0,0,0
202108,86881,8,1,7,0,0,0
202202,28605,91,28,63,0,0,0
202108,91977,10,0,10,0,0,0
202108,90698,6,6,0,0,0,0
202202,29377,10,0,10,0,0,0
202108,90816,15,14,1,0,0,0
202205,55861,200,0,200,50,0,50
202202,32223,3,4,0,0,0,0
202108,88788,8,8,0,0,0,0
202202,29409,24,0,24,0,0,0
202108,90700,6,6,0,0,0,0
202108,91978,10,0,10,0,0,0
202202,26251,105,95,10,0,0,0
202205,56886,3,0,3,0,0,0
202202,29378,10,0,10,0,0,0
202205,54832,550,0,550,50,0,50
202108,91081,50,44,6,10,0,10
202202,30970,15,8,7,0,0,0
202108,94944,12,6,6,0,0,0
202202,29410,24,0,24,0,0,0
202108,90701,6,4,2,0,0,0
202202,28616,140,139,1,0,0,0
202108,82661,10,0,10,0,0,0
202205,55862,500,0,500,50,0,50
202202,22307,10,0,10,0,0,0
202108,91085,34,19,15,10,0,10
202202,30682,29,13,16,0,0,0
202108,87042,15,8,7,0,0,0
202108,93869,6,6,0,0,0,0
202202,29403,40,26,14,0,0,0
202202,28638,8,7,1,0,0,0
202108,81162,10,0,10,0,0,0
202205,55190,400,0,400,50,0,50
202202,21035,10,0,10,0,0,0
202202,30905,6,4,2,3,0,3
202108,86876,25,18,7,0,0,0
202108,90797,125,97,28,20,0,20
202202,29404,40,26,14,0,0,0
202202,28639,8,8,0,0,0,0
202108,93870,6,6,0,0,0,0
202205,55863,100,0,100,35,0,35
202108,81885,10,0,10,0,0,0
202202,21628,10,0,10,0,0,0
202108,90025,1,0,1,0,0,0
202108,90668,119,118,1,20,0,20
202202,29405,24,7,17,0,0,0
202202,28640,8,8,0,0,0,0
202202,31285,60,54,6,5,0,5
202108,93871,6,6,0,0,0,0
202205,55191,400,0,400,50,0,50
202108,83770,27,27,0,18,0,18
202202,30980,10,9,1,0,0,0
202108,92940,5,0,5,0,0,0
202108,91543,15,15,0,10,0,10
202202,29406,24,7,17,0,0,0
202202,28641,8,8,0,0,0,0
202108,86938,60,57,3,5,0,5
202108,93872,6,5,1,0,0,0
202202,31287,30,30,0,5,0,5
202202,31110,9,2,7,0,0,0
202108,88961,1,0,1,0,0,0
202108,91544,15,14,1,10,0,10
202202,29407,24,3,21,0,0,0
202202,28642,8,7,1,0,0,0
202108,82754,50,33,17,0,0,0
202202,31288,30,24,6,5,0,5
202108,93873,6,7,0,0,0,0
202205,57241,0,0,0,0,0,0
202202,30907,8,7,1,5,0,5
202108,94241,16,17,0,10,0,10
202108,84748,5,0,5,0,0,0
202202,29408,24,3,21,0,0,0
202202,28643,8,8,0,0,0,0
202108,94087,14,14,0,5,0,5
202108,93874,6,5,1,0,0,0
202202,31289,16,7,9,5,0,5
202205,57240,100,0,100,0,0,0
202202,32876,9,5,4,10,0,10
202108,90145,5,0,5,0,0,0
202108,93904,36,23,13,5,0,5
202202,29007,10,0,10,0,0,0
202202,28644,8,8,0,0,0,0
202108,89842,12,7,5,5,0,5
202108,93875,6,6,0,0,0,0
202202,33029,16,7,9,5,0,5
202205,56535,110,0,110,0,0,0
202202,30971,16,15,1,0,0,0
202108,91548,16,10,6,5,0,5
202108,92944,5,2,3,0,0,0
202202,29008,10,0,10,0,0,0
202202,28645,8,8,0,0,0,0
202108,94691,10,9,1,0,0,0
202108,93876,6,5,1,0,0,0
202202,27167,10,0,10,0,0,0
202205,56475,100,0,100,50,0,50
202202,33030,16,0,16,5,0,5
202108,92684,15,16,0,0,0,0
202108,91553,42,24,18,10,0,10
202202,29009,10,0,10,0,0,0
202202,28646,8,8,0,0,0,0
202108,93993,12,7,5,0,0,0
202108,89263,65,63,2,0,0,0
202202,32863,10,10,0,0,0,0
202202,29138,2,1,1,0,0,0
202108,92875,30,30,0,0,0,0
202108,94086,26,22,4,5,0,5
202202,29010,10,2,8,0,0,0
202202,31022,8,8,0,0,0,0
202108,85113,5,4,1,0,0,0
202108,91996,48,10,38,0,0,0
202202,31561,25,19,6,0,0,0
202202,33049,30,6,24,5,0,5
202108,94837,40,20,20,0,0,0
202108,91568,24,22,2,10,0,10
202202,31021,8,8,0,0,0,0
202202,29011,10,0,10,0,0,0
202108,88588,10,4,6,5,0,5
202108,90898,55,35,20,0,0,0
202202,31139,20,12,8,0,0,0
202108,91758,55,51,4,0,0,0
202202,33032,8,8,0,5,0,5
202108,91571,24,22,2,10,0,10
202202,31019,8,8,0,0,0,0
202202,29012,10,0,10,0,0,0
202108,94091,34,29,5,5,0,5
202108,87412,55,35,20,0,0,0
202202,28062,1,0,1,0,0,0
202108,88695,10,0,10,0,0,0
202202,27665,11,12,0,5,0,5
202108,91636,24,18,6,10,0,10
202202,29013,10,0,10,0,0,0
202202,31017,8,8,0,0,0,0
202108,89270,24,10,14,5,0,5
202108,92066,10,0,10,0,0,0
202202,29966,5,0,5,0,0,0
202202,33377,21,20,1,0,0,0
202108,88696,10,0,10,0,0,0
202108,91637,24,18,6,10,0,10
202202,29014,10,0,10,0,0,0
202108,93994,15,4,11,0,0,0
202202,31016,8,8,0,0,0,0
202108,92068,10,0,10,0,0,0
202202,27407,1,0,1,0,0,0
202108,88698,10,0,10,0,0,0
202202,33033,8,5,3,5,0,5
202108,91554,32,32,0,10,0,10
202202,29015,10,0,10,0,0,0
202108,90362,10,0,10,0,0,0
202202,31012,8,8,0,0,0,0
202202,24066,5,0,5,0,0,0
202108,90903,85,64,21,0,0,0
202108,88699,10,0,10,0,0,0
202202,28337,10,0,10,0,0,0
202108,91555,30,18,12,0,0,0
202202,29016,10,0,10,0,0,0
202108,80474,10,0,10,5,0,5
202202,31009,8,8,0,0,0,0
202202,28166,5,0,5,0,0,0
202108,87413,85,64,21,0,0,0
202108,88700,10,0,10,0,0,0
202202,20434,10,0,10,5,0,5
202202,29017,10,0,10,0,0,0
202108,91556,12,0,12,0,0,0
202108,83705,10,4,6,0,0,0
202202,31007,8,8,0,0,0,0
202202,29970,5,0,5,0,0,0
202108,91604,10,0,10,0,0,0
202108,88702,10,0,10,0,0,0
202202,23192,10,0,10,0,0,0
202202,29018,10,0,10,0,0,0
202108,91557,20,15,5,0,0,0
202108,80475,10,1,9,0,0,0
202202,31005,7,5,2,0,0,0
202202,30939,10,13,0,0,0,0
202108,87567,10,0,10,0,0,0
202108,88703,10,0,10,0,0,0
202202,29019,10,0,10,0,0,0
202202,33388,10,1,9,0,0,0
202108,92008,30,12,18,0,0,0
202202,30615,85,34,51,0,0,0
202108,80476,20,11,9,0,0,0
202108,90916,14,11,3,0,0,0
202202,30684,64,51,13,0,0,0
202108,88704,10,1,9,0,0,0
202202,20435,10,0,10,0,0,0
202202,29025,10,0,10,0,0,0
202108,92038,30,12,18,0,0,0
202202,30623,45,18,27,0,0,0
202108,80477,10,0,10,0,0,0
202202,30700,64,51,13,0,0,0
202108,88672,14,11,3,0,0,0
202108,95133,5,1,4,0,0,0
202202,20436,10,0,10,0,0,0
202108,92036,24,1,23,0,0,0
202202,29027,10,0,10,0,0,0
202202,28766,55,24,31,0,0,0
202108,87737,10,1,9,5,0,5
202202,30688,70,63,7,0,0,0
202108,92067,4,0,4,0,0,0
202108,88705,10,2,8,0,0,0
202202,20437,10,0,10,0,0,0
202108,92037,24,1,23,0,0,0
202202,29029,10,0,10,0,0,0
202202,26252,55,24,31,0,0,0
202108,85961,10,0,10,0,0,0
202202,33785,15,6,9,0,0,0
202108,92069,4,0,4,0,0,0
202108,88706,10,0,10,0,0,0
202202,26458,10,0,10,5,0,5
202108,92045,24,0,24,0,0,0
202202,29031,10,2,8,0,0,0
202202,29419,10,0,10,0,0,0
202108,82662,10,1,9,0,0,0
202202,30973,17,9,8,0,0,0
202108,90915,8,4,4,0,0,0
202108,92046,24,0,24,0,0,0
202202,25127,10,0,10,0,0,0
202108,89857,10,2,8,0,0,0
202108,85301,10,0,10,0,0,0
202202,29421,10,0,10,0,0,0
202202,29032,10,2,8,0,0,0
202202,27203,10,0,10,0,0,0
202108,82276,8,4,4,0,0,0
202202,22308,10,1,9,0,0,0
202108,92039,40,36,4,0,0,0
202108,92971,5,0,5,0,0,0
202202,29033,10,0,10,0,0,0
202108,83703,10,2,8,0,0,0
202202,28767,85,64,21,0,0,0
202202,27204,10,0,10,0,0,0
202108,80003,50,51,0,0,0,0
202202,24556,10,0,10,0,0,0
202108,92040,40,36,4,0,0,0
202108,94911,11,10,1,0,0,0
202108,85894,10,0,10,0,0,0
202202,29034,10,1,9,0,0,0
202202,26253,85,64,21,0,0,0
202202,27205,10,1,9,0,0,0
202108,82075,90,86,4,0,0,0
202202,23190,10,1,9,0,0,0
202108,83039,10,0,10,0,0,0
202108,92041,24,7,17,0,0,0
202108,94942,16,9,7,0,0,0
202202,29035,10,0,10,0,0,0
202202,27206,10,0,10,0,0,0
202108,87414,65,44,21,0,0,0
202202,29165,10,0,10,0,0,0
202202,25061,10,0,10,0,0,0
202108,92042,24,7,17,0,0,0
202108,81620,10,1,9,0,0,0
202202,29037,10,0,10,0,0,0
202202,27207,10,0,10,0,0,0
202108,87415,68,69,0,0,0,0
202202,26339,10,0,10,0,0,0
202202,33805,32,31,1,20,0,20
202202,22634,10,0,10,0,0,0
202108,83173,10,2,8,0,0,0
202108,92043,24,5,19,0,0,0
202202,29038,10,0,10,0,0,0
202202,27208,10,0,10,0,0,0
202202,28770,25,14,11,0,0,0
202108,90702,120,96,24,0,0,0
202202,27679,32,30,2,20,0,20
202202,21400,10,0,10,0,0,0
202202,27209,10,0,10,0,0,0
202108,92044,24,5,19,0,0,0
202108,87132,10,0,10,0,0,0
202202,29041,10,4,6,0,0,0
202108,90703,20,19,1,0,0,0
202202,27185,25,14,11,0,0,0
202202,27681,32,31,1,20,0,20
202202,22744,10,1,9,0,0,0
202202,29044,10,1,9,0,0,0
202108,91359,10,0,10,0,0,0
202202,27210,10,1,9,0,0,0
202108,80478,10,0,10,0,0,0
202202,29381,32,28,4,20,0,20
202108,90704,20,20,0,0,0,0
202202,29420,4,0,4,0,0,0
202202,26010,10,0,10,0,0,0
202108,90096,10,0,10,0,0,0
202108,91360,10,0,10,0,0,0
202202,29045,10,1,9,0,0,0
202202,32404,5,1,4,0,0,0
202202,28737,152,152,0,3,0,3
202108,90705,20,17,3,0,0,0
202202,29422,10,0,10,0,0,0
202202,20438,10,0,10,0,0,0
202108,82341,10,2,8,0,0,0
202108,91361,10,0,10,0,0,0
202202,27211,10,1,9,0,0,0
202202,28838,36,36,0,20,0,20
202202,29046,10,0,10,0,0,0
202202,28769,8,5,3,0,0,0
202108,90706,20,15,5,0,0,0
202202,27212,10,2,8,0,0,0
202108,82438,10,7,3,0,0,0
202202,33387,10,1,9,0,0,0
202108,91362,10,2,8,0,0,0
202202,28847,40,40,0,20,0,20
202108,90707,20,10,10,0,0,0
202202,29047,10,0,10,0,0,0
202202,21970,8,5,3,0,0,0
202108,91363,10,1,9,0,0,0
202202,27960,10,1,9,0,0,0
202108,83193,10,3,7,0,0,0
202202,28123,10,1,9,0,0,0
202108,90708,20,15,5,0,0,0
202202,28848,40,40,0,20,0,20
202202,29069,10,1,9,0,0,0
202202,32645,110,109,1,0,0,0
202108,91364,10,0,10,0,0,0
202202,29987,5,0,5,0,0,0
202108,84137,10,0,10,0,0,0
202202,20003,65,49,16,0,0,0
202108,86575,10,0,10,0,0,0
202202,33512,36,36,0,20,0,20
202202,22018,10,0,10,0,0,0
202202,29070,10,0,10,0,0,0
202205,57245,35,0,35,0,0,0
202108,91365,10,0,10,0,0,0
202108,82663,10,1,9,0,0,0
202202,33395,27,18,9,0,0,0
202202,21797,90,43,47,0,0,0
202202,22106,10,3,7,0,0,0
202108,89510,10,0,10,0,0,0
202202,28738,145,137,8,0,0,0
202205,57247,25,0,25,0,0,0
202202,29071,10,1,9,0,0,0
202108,94776,30,30,0,20,0,20
202108,81163,10,0,10,0,0,0
202108,91366,10,0,10,0,0,0
202202,31890,10,0,10,0,0,0
202202,26254,65,61,4,0,0,0
202205,57249,35,0,35,0,0,0
202108,81889,10,0,10,0,0,0
202202,28786,30,23,7,20,0,20
202202,29074,10,0,10,0,0,0
202202,22758,10,0,10,0,0,0
202108,88420,32,32,0,20,0,20
202205,57255,45,0,45,15,0,15
202108,85463,10,3,7,0,0,0
202108,90809,70,48,22,0,0,0
202108,91367,10,0,10,0,0,0
202202,33968,20,14,6,0,0,0
202202,26255,95,78,17,0,0,0
202205,57246,25,0,25,0,0,0
202108,82718,10,0,10,0,0,0
202202,23540,10,0,10,0,0,0
202202,29075,10,0,10,0,0,0
202108,89305,30,30,0,20,0,20
202202,28787,27,25,2,20,0,20
202205,57244,40,0,40,15,0,15
202108,92326,70,48,22,0,0,0
202108,85918,10,0,10,0,0,0
202108,91368,10,0,10,0,0,0
202202,32865,50,38,12,0,0,0
202202,28647,120,103,17,0,0,0
202205,57248,35,0,35,0,0,0
202108,90129,3,0,3,0,0,0
202202,28788,30,30,0,20,0,20
202205,55868,625,0,625,50,0,50
202108,94789,30,30,0,20,0,20
202202,29076,10,1,9,0,0,0
202202,22309,10,1,9,0,0,0
202108,81621,10,1,9,0,0,0
202108,95339,5,1,4,0,0,0
202202,27166,12,0,12,0,0,0
202108,91369,10,0,10,0,0,0
202202,28648,20,20,0,0,0,0
202108,90120,10,0,10,0,0,0
202202,28789,30,30,0,20,0,20
202205,56100,100,0,100,0,0,0
202202,21036,10,0,10,0,0,0
202202,29078,10,0,10,0,0,0
202108,94777,32,32,0,20,0,20
202202,31466,13,3,10,0,0,0
202108,91370,10,0,10,0,0,0
202108,93360,5,3,2,0,0,0
202108,81868,10,3,7,0,0,0
202202,28649,20,19,1,0,0,0
202108,87577,10,0,10,0,0,0
202202,29654,30,29,1,20,0,20
202202,24705,10,0,10,0,0,0
202108,91984,32,32,0,20,0,20
202202,29079,10,0,10,0,0,0
202205,55196,300,0,300,50,0,50
202108,85353,10,5,5,0,0,0
202108,91371,10,0,10,0,0,0
202202,33711,12,12,0,8,0,8
202108,83364,10,0,10,0,0,0
202108,88045,5,0,5,0,0,0
202202,28650,20,20,0,0,0,0
202202,28739,144,129,15,0,0,0
202205,57257,50,0,50,20,0,20
202202,29080,10,0,10,0,0,0
202202,25085,10,0,10,0,0,0
202108,94778,32,32,0,20,0,20
202108,81267,10,0,10,0,0,0
202108,91378,10,0,10,0,0,0
202202,32972,15,5,10,0,0,0
202108,83365,10,1,9,0,0,0
202202,28651,20,18,2,0,0,0
202108,90209,5,1,4,0,0,0
202202,28781,24,24,0,20,0,20
202202,29082,10,0,10,0,0,0
202108,92796,32,32,0,20,0,20
202205,57157,50,0,50,50,0,50
202202,21401,10,1,9,0,0,0
202108,88681,10,0,10,5,0,5
202108,88977,1,0,1,0,0,0
202108,90111,10,0,10,0,0,0
202108,91380,10,0,10,0,0,0
202202,28652,20,20,0,0,0,0
202202,28782,24,25,0,20,0,20
202202,29084,10,0,10,0,0,0
202108,90852,144,143,1,0,0,0
202205,57158,100,0,100,50,0,50
202202,21620,10,0,10,0,0,0
202108,90319,10,0,10,0,0,0
202108,87344,10,1,9,0,0,0
202108,87318,10,0,10,0,0,0
202108,91382,10,0,10,0,0,0
202202,28653,20,6,14,0,0,0
202202,28783,24,21,3,20,0,20
202202,31932,10,1,9,0,0,0
202108,91122,48,48,0,20,0,20
202202,24601,10,0,10,0,0,0
202205,55198,200,0,200,50,0,50
202108,88771,2,0,2,0,0,0
202202,25587,10,0,10,0,0,0
202108,91384,10,0,10,0,0,0
202108,87791,5,1,4,0,0,0
202108,90105,10,1,9,0,0,0
202202,28784,24,11,13,20,0,20
202202,29113,10,0,10,0,0,0
202108,91135,48,47,1,20,0,20
202202,21134,10,0,10,0,0,0
202108,80479,10,2,8,0,0,0
202202,32378,10,0,10,0,0,0
202108,91385,10,1,9,0,0,0
202108,83675,10,0,10,0,0,0
202202,28785,24,24,0,20,0,20
202108,87947,5,0,5,0,0,0
202202,29114,10,2,8,0,0,0
202205,55199,300,0,300,50,0,50
202202,27194,10,0,10,5,0,5
202108,91136,48,48,0,20,0,20
202108,85579,10,0,10,0,0,0
202108,81890,10,1,9,0,0,0
202108,91386,10,0,10,0,0,0
202202,27744,10,0,10,0,0,0
202202,31920,24,24,0,20,0,20
202108,89220,1,0,1,0,0,0
202202,29115,10,0,10,0,0,0
202202,28298,10,1,9,0,0,0
202108,90854,168,142,26,0,0,0
202108,87133,10,0,10,0,0,0
202202,33736,10,0,10,0,0,0
202108,88022,10,0,10,0,0,0
202108,91387,10,0,10,0,0,0
202108,87679,10,0,10,0,0,0
202202,29116,10,0,10,0,0,0
202202,27272,2,1,1,0,0,0
202108,90955,30,23,7,20,0,20
202108,85587,10,0,10,0,0,0
202202,22353,10,0,10,0,0,0
202108,89000,5,0,5,0,0,0
202108,91388,10,0,10,0,0,0
202108,81898,20,7,13,0,0,0
202202,33873,30,4,26,0,0,0
202108,87131,10,0,10,0,0,0
202202,20439,10,1,9,0,0,0
202108,90957,34,34,0,25,0,25
202202,32436,10,0,10,0,0,0
202202,28152,3,0,3,0,0,0
202108,91390,10,0,10,0,0,0
202108,88979,5,0,5,0,0,0
202108,88545,10,0,10,0,0,0
202202,29117,10,0,10,0,0,0
202202,24784,10,0,10,0,0,0
202108,95266,10,1,9,0,0,0
202108,90958,34,34,0,25,0,25
202202,22672,3,0,3,0,0,0
202202,28145,10,1,9,0,0,0
202108,82448,10,0,10,0,0,0
202108,91391,10,0,10,0,0,0
202108,88593,5,0,5,0,0,0
202202,29118,10,0,10,0,0,0
202202,26011,10,0,10,0,0,0
202108,90959,32,32,0,25,0,25
202108,84123,10,0,10,0,0,0
202202,25625,1,0,1,0,0,0
202202,26348,10,0,10,0,0,0
202108,86635,10,0,10,0,0,0
202108,88840,1,0,1,0,0,0
202108,91394,10,0,10,0,0,0
202202,29119,10,4,6,0,0,0
202108,82348,10,0,10,0,0,0
202108,92360,30,19,11,10,0,10
202202,24789,10,2,8,0,0,0
202202,27308,3,0,3,0,0,0
202202,22877,10,0,10,0,0,0
202108,91397,10,0,10,0,0,0
202108,89511,10,1,9,0,0,0
202108,89259,8,0,8,0,0,0
202202,29120,10,0,10,0,0,0
202108,84131,10,1,9,0,0,0
202108,90855,144,137,7,0,0,0
202202,26009,10,0,10,0,0,0
202202,30206,3,0,3,0,0,0
202202,21984,10,0,10,0,0,0
202108,82966,20,0,20,0,0,0
202108,91399,10,0,10,0,0,0
202108,88903,5,1,4,0,0,0
202202,29121,10,1,9,0,0,0
202108,88059,10,0,10,5,0,5
202108,90949,24,23,1,12,0,12
202202,23530,10,0,10,0,0,0
202202,25006,5,0,5,0,0,0
202202,22878,10,1,9,0,0,0
202108,83178,10,0,10,0,0,0
202108,95127,5,0,5,0,0,0
202202,29122,10,0,10,0,0,0
202108,91400,10,0,10,0,0,0
202108,82724,10,6,4,0,0,0
202108,90950,25,25,0,30,0,30
202202,22022,10,0,10,0,0,0
202202,24832,5,0,5,0,0,0
202202,28136,10,0,10,0,0,0
202108,81988,15,0,15,0,0,0
202108,91401,10,1,9,0,0,0
202202,29123,10,0,10,0,0,0
202108,88010,5,0,5,0,0,0
202108,82125,10,2,8,0,0,0
202108,90951,24,22,2,30,0,30
202202,23535,10,0,10,0,0,0
202202,24922,3,0,3,0,0,0
202108,84848,10,1,9,0,0,0
202202,26206,10,2,8,0,0,0
202202,29124,10,0,10,0,0,0
202108,91425,10,1,9,0,0,0
202108,90443,5,0,5,0,0,0
202108,87991,10,0,10,5,0,5
202108,90952,24,23,1,30,0,30
202202,26725,10,0,10,5,0,5
202202,32431,10,0,10,0,0,0
202108,88579,10,1,9,0,0,0
202202,28130,10,0,10,0,0,0
202108,91426,10,0,10,0,0,0
202202,29125,10,0,10,0,0,0
202108,84820,10,1,9,0,0,0
202108,90953,24,23,1,30,0,30
202108,93261,5,0,5,0,0,0
202202,22356,10,1,9,0,0,0
202202,24865,5,0,5,0,0,0
202202,23163,10,0,10,0,0,0
202108,91427,10,0,10,0,0,0
202108,85955,10,0,10,0,0,0
202202,30229,10,0,10,0,0,0
202108,80481,10,0,10,0,0,0
202108,94304,24,21,3,12,0,12
202108,93320,5,0,5,0,0,0
202202,21841,10,0,10,0,0,0
202202,26431,3,0,3,0,0,0
202108,91430,10,0,10,0,0,0
202108,87300,5,0,5,0,0,0
202202,21632,10,1,9,0,0,0
202202,29126,10,0,10,0,0,0
202108,80482,10,0,10,0,0,0
202108,87753,5,0,5,0,0,0
202202,31940,5,0,5,0,0,0
202202,26664,10,0,10,5,0,5
202202,27079,3,0,3,0,0,0
202108,91431,10,0,10,0,0,0
202202,29127,10,0,10,0,0,0
202108,82488,10,1,9,0,0,0
202108,95089,10,1,9,0,0,0
202202,26695,10,0,10,0,0,0
202108,87795,2,0,2,0,0,0
202202,30294,5,0,5,0,0,0
202202,24132,10,0,10,0,0,0
202202,28224,3,0,3,0,0,0
202108,91432,10,0,10,0,0,0
202202,29102,10,1,9,0,0,0
202108,88810,10,0,10,0,0,0
202108,93136,10,0,10,0,0,0
202108,95207,5,1,4,0,0,0
202108,83096,3,0,3,0,0,0
202202,26713,5,0,5,0,0,0
202202,21640,20,4,16,0,0,0
202202,20440,10,0,10,0,0,0
202202,23729,3,0,3,0,0,0
202202,29101,10,0,10,0,0,0
202108,91434,10,0,10,0,0,0
202108,86001,5,2,3,0,0,0
202108,82176,10,0,10,0,0,0
202202,28217,5,0,5,0,0,0
202202,34272,10,1,9,0,0,0
202108,94469,10,0,10,0,0,0
202108,86577,10,0,10,0,0,0
202202,20441,10,0,10,0,0,0
202202,25838,5,0,5,0,0,0
202202,29100,10,0,10,0,0,0
202108,91435,10,0,10,0,0,0
202108,84749,10,0,10,0,0,0
202108,95125,5,1,4,0,0,0
202202,27089,10,0,10,0,0,0
202108,94473,10,0,10,0,0,0
202202,30124,10,0,10,0,0,0
202108,82664,10,1,9,0,0,0
202202,27420,1,0,1,0,0,0
202202,23616,3,0,3,0,0,0
202108,91436,10,0,10,0,0,0
202202,32309,10,0,10,0,0,0
202108,95291,20,1,19,0,0,0
202108,95309,5,1,4,0,0,0
202202,22114,10,0,10,0,0,0
202202,25589,10,0,10,0,0,0
202108,94479,10,0,10,0,0,0
202202,26181,10,0,10,0,0,0
202202,32441,10,0,10,0,0,0
202108,81164,10,0,10,0,0,0
202108,91438,10,0,10,0,0,0
202108,88900,5,0,5,0,0,0
202202,29099,10,0,10,0,0,0
202108,82878,10,0,10,0,0,0
202202,22310,10,1,9,0,0,0
202202,25638,10,0,10,0,0,0
202108,82116,10,0,10,0,0,0
202202,32459,10,0,10,0,0,0
202108,86622,1,0,1,0,0,0
202202,33731,5,3,2,0,0,0
202108,91441,10,0,10,0,0,0
202108,90417,5,3,2,0,0,0
202202,29098,10,0,10,0,0,0
202202,21037,10,0,10,0,0,0
202108,83872,10,0,10,0,0,0
202202,34060,10,0,10,0,0,0
202108,95081,10,1,9,0,0,0
202202,33822,5,1,4,0,0,0
202202,32435,10,0,10,0,0,0
202108,94456,10,0,10,0,0,0
202108,91516,10,0,10,0,0,0
202108,90461,5,0,5,0,0,0
202202,29096,10,0,10,0,0,0
202202,21832,10,0,10,0,0,0
202108,89512,10,2,8,0,0,0
202202,27745,10,0,10,0,0,0
202202,26583,3,0,3,0,0,0
202108,83885,10,2,8,0,0,0
202108,94492,10,0,10,0,0,0
202202,26491,5,0,5,0,0,0
202108,91518,10,1,9,0,0,0
202108,89248,1,0,1,0,0,0
202202,29097,10,0,10,0,0,0
202202,23314,10,0,10,0,0,0
202108,81842,25,1,24,0,0,0
202202,33915,5,1,4,0,0,0
202202,22788,3,0,3,0,0,0
202108,88824,3,0,3,0,0,0
202202,22566,20,0,20,0,0,0
202108,83873,10,0,10,0,0,0
202108,91519,10,1,9,0,0,0
202202,28919,10,0,10,0,0,0
202108,88707,10,0,10,0,0,0
202108,83022,10,1,9,0,0,0
202202,23326,10,4,6,0,0,0
202108,93254,3,0,3,0,0,0
202202,22749,10,1,9,0,0,0
202108,81033,10,4,6,0,0,0
202202,26624,5,0,5,0,0,0
202202,32443,10,0,10,0,0,0
202108,91520,10,0,10,0,0,0
202202,28920,10,2,8,0,0,0
202108,88709,10,3,7,0,0,0
202108,90193,25,0,25,0,0,0
202202,23315,10,1,9,0,0,0
202108,90225,3,0,3,0,0,0
202108,89627,10,0,10,0,0,0
202202,22767,10,0,10,0,0,0
202202,27629,1,0,1,0,0,0
202202,23804,3,0,3,0,0,0
202108,95130,10,3,7,0,0,0
202202,28921,10,0,10,0,0,0
202108,93116,5,1,4,0,0,0
202108,90119,10,3,7,0,0,0
202202,20916,30,11,19,0,0,0
202108,94577,10,0,10,0,0,0
202202,21725,15,0,15,0,0,0
202202,32446,10,0,10,0,0,0
202108,83874,10,0,10,0,0,0
202202,26423,10,0,10,0,0,0
202108,94222,10,1,9,0,0,0
202108,88710,10,0,10,0,0,0
202202,28922,10,3,7,0,0,0
202108,87576,10,0,10,0,0,0
202202,27811,10,0,10,0,0,0
202108,85837,5,0,5,0,0,0
202108,87738,10,0,10,5,0,5
202202,33750,5,1,4,0,0,0
202202,24160,10,0,10,0,0,0
202202,25675,3,0,3,0,0,0
202108,91521,10,0,10,0,0,0
202202,28924,10,2,8,0,0,0
202108,90375,5,0,5,0,0,0
202108,83366,10,0,10,0,0,0
202202,23316,10,0,10,0,0,0
202108,94491,10,0,10,0,0,0
202108,86022,10,0,10,0,0,0
202202,27117,10,1,9,0,0,0
202202,27441,5,0,5,0,0,0
202202,24151,3,0,3,0,0,0
202108,91522,10,0,10,0,0,0
202202,28925,10,2,8,0,0,0
202108,93115,5,1,4,0,0,0
202108,82300,10,1,9,0,0,0
202202,26459,10,0,10,5,0,5
202108,94598,10,0,10,0,0,0
202108,82665,10,0,10,0,0,0
202202,25121,10,0,10,0,0,0
202202,32449,10,0,10,0,0,0
202202,27422,5,0,5,0,0,0
202108,91526,10,3,7,0,0,0
202108,88711,10,0,10,0,0,0
202202,28927,10,0,10,0,0,0
202108,83367,10,6,4,0,0,0
202108,94592,10,0,10,0,0,0
202108,85302,10,0,10,0,0,0
202202,25187,10,0,10,0,0,0
202202,27128,5,0,5,0,0,0
202202,26163,5,0,5,0,0,0
202202,32452,10,0,10,0,0,0
202108,91527,10,0,10,0,0,0
202108,88708,10,0,10,0,0,0
202202,28928,10,0,10,0,0,0
202108,90112,10,3,7,0,0,0
202108,94499,10,0,10,0,0,0
202108,83767,10,3,7,0,0,0
202202,22311,10,1,9,0,0,0
202202,27319,1,2,0,0,0,0
202202,30384,3,0,3,0,0,0
202202,22152,10,2,8,0,0,0
202108,91528,10,0,10,0,0,0
202108,85456,25,9,16,0,0,0
202108,88712,10,0,10,0,0,0
202202,28930,10,0,10,0,0,0
202108,94504,10,0,10,0,0,0
202202,24557,10,0,10,0,0,0
202108,83041,10,0,10,0,0,0
202202,26415,3,0,3,0,0,0
202202,27659,8,0,8,0,0,0
202202,27296,10,0,10,0,0,0
202108,91529,10,0,10,0,0,0
202108,88713,10,0,10,0,0,0
202108,84420,10,0,10,0,0,0
202202,28931,10,0,10,0,0,0
202108,94587,10,0,10,0,0,0
202202,23244,10,3,7,0,0,0
202108,83875,10,0,10,0,0,0
202202,23511,1,0,1,0,0,0
202108,91530,10,0,10,0,0,0
202202,21885,10,1,9,0,0,0
202202,27362,5,0,5,0,0,0
202205,57239,35,0,35,0,0,0
202108,88714,10,0,10,0,0,0
202108,90106,10,0,10,0,0,0
202202,28932,10,1,9,0,0,0
202108,94602,10,0,10,0,0,0
202202,22636,10,0,10,0,0,0
202108,83174,10,0,10,0,0,0
202202,24067,10,0,10,0,0,0
202108,91531,10,0,10,0,0,0
202202,33962,5,3,2,0,0,0
202202,29718,6,0,6,0,0,0
202108,84024,10,0,10,0,0,0
202108,88715,10,0,10,0,0,0
202202,28934,10,0,10,0,0,0
202108,94510,10,0,10,0,0,0
202108,81034,10,0,10,0,0,0
202202,23317,10,0,10,0,0,0
202202,24704,10,0,10,0,0,0
202202,28232,3,0,3,0,0,0
202202,26683,5,0,5,0,0,0
202108,91532,10,0,10,0,0,0
202202,28936,10,1,9,0,0,0
202108,93322,5,0,5,0,0,0
202108,83415,10,0,10,0,0,0
202108,85650,5,0,5,0,0,0
202108,83876,10,0,10,0,0,0
202202,22745,10,2,8,0,0,0
202202,32485,10,0,10,0,0,0
202202,34316,5,1,4,0,0,0
202202,22504,10,0,10,0,0,0
202108,93284,10,0,10,0,0,0
202108,82459,10,2,8,0,0,0
202108,88716,10,2,8,0,0,0
202202,28937,10,1,9,0,0,0
202108,94516,10,0,10,0,0,0
202202,20917,10,0,10,0,0,0
202108,82439,10,3,7,0,0,0
202202,25901,3,0,3,0,0,0
202108,91533,10,1,9,0,0,0
202202,32379,10,3,7,0,0,0
202202,28410,5,0,5,0,0,0
202202,28938,10,0,10,0,0,0
202108,85992,10,0,10,0,0,0
202108,88717,10,0,10,0,0,0
202108,94609,10,0,10,0,0,0
202202,23318,10,0,10,0,0,0
202108,83592,10,0,10,0,0,0
202202,30170,5,0,5,0,0,0
202108,91534,10,0,10,0,0,0
202202,27746,10,4,6,0,0,0
202202,30213,5,0,5,0,0,0
202205,57242,10,0,10,5,0,5
202202,28939,10,7,3,0,0,0
202108,85744,3,0,3,0,0,0
202108,82335,20,12,8,0,0,0
202108,88718,10,1,9,0,0,0
202202,22107,10,7,3,0,0,0
202202,24024,3,0,3,0,0,0
202108,91487,10,0,10,0,0,0
202108,84138,10,1,9,0,0,0
202202,33737,10,8,2,0,0,0
202202,30257,5,0,5,0,0,0
202205,57243,10,0,10,5,0,5
202202,28940,10,0,10,0,0,0
202108,94462,10,0,10,0,0,0
202108,86625,35,30,5,0,0,0
202108,88981,5,0,5,0,0,0
202202,23086,10,3,7,0,0,0
202202,27570,5,0,5,0,0,0
202108,91486,10,0,10,0,0,0
202108,83877,10,0,10,0,0,0
202202,22620,10,0,10,0,0,0
202202,26468,5,0,5,0,0,0
202108,88719,10,0,10,0,0,0
202108,94522,10,0,10,0,0,0
202202,28941,20,2,18,0,0,0
202108,81825,75,56,19,0,0,0
202202,23541,10,0,10,0,0,0
202202,31965,5,0,5,0,0,0
202108,91485,10,0,10,0,0,0
202108,83878,10,0,10,0,0,0
202202,28206,25,0,25,0,0,0
202202,26495,2,0,2,0,0,0
202108,88720,10,4,6,0,0,0
202108,94526,10,0,10,0,0,0
202202,28944,10,1,9,0,0,0
202108,92994,10,2,8,0,0,0
202202,23319,10,1,9,0,0,0
202202,27436,5,0,5,0,0,0
202108,91484,10,1,9,0,0,0
202202,32230,5,0,5,0,0,0
202202,28144,10,5,5,0,0,0
202108,83880,10,3,7,0,0,0
202108,81987,10,1,9,0,0,0
202202,28946,10,1,9,0,0,0
202108,94536,10,0,10,0,0,0
202108,88985,5,0,5,0,0,0
202202,23320,10,0,10,0,0,0
202202,26052,6,0,6,0,0,0
202108,85919,10,0,10,0,0,0
202108,91483,10,0,10,0,0,0
202202,25166,5,2,3,0,0,0
202202,26347,10,0,10,0,0,0
202108,88546,10,2,8,0,0,0
202202,28948,10,0,10,0,0,0
202108,85685,5,0,5,0,0,0
202202,23322,10,3,7,0,0,0
202108,92959,5,1,4,0,0,0
202202,22879,10,1,9,0,0,0
202108,83879,10,0,10,0,0,0
202202,32454,10,0,10,0,0,0
202108,91481,10,1,9,0,0,0
202202,27360,5,0,5,0,0,0
202108,95286,5,1,4,0,0,0
202108,94540,10,0,10,0,0,0
202202,28951,10,0,10,0,0,0
202202,25086,10,0,10,0,0,0
202108,93060,5,1,4,0,0,0
202202,21985,10,0,10,0,0,0
202108,81869,10,0,10,0,0,0
202202,28386,5,5,0,0,0,0
202108,91482,10,1,9,0,0,0
202202,32496,10,0,10,0,0,0
202108,82353,10,1,9,0,0,0
202108,87690,3,0,3,0,0,0
202202,28952,10,0,10,0,0,0
202202,23321,10,0,10,0,0,0
202108,88721,10,0,10,0,0,0
202202,22880,10,4,6,0,0,0
202108,85354,10,0,10,0,0,0
202202,22444,6,0,6,0,0,0
202202,33547,15,10,5,0,0,0
202108,91258,10,0,10,0,0,0
202108,85618,40,1,39,0,0,0
202108,88722,25,14,11,0,0,0
202202,28954,10,1,9,0,0,0
202108,94546,10,0,10,0,0,0
202202,21621,10,3,7,0,0,0
202108,83881,10,0,10,0,0,0
202202,28137,10,6,4,0,0,0
202202,32494,10,0,10,0,0,0
202108,91259,10,0,10,0,0,0
202202,28422,5,0,5,0,0,0
202108,85731,20,1,19,0,0,0
202108,90226,5,2,3,0,0,0
202108,94551,10,0,10,0,0,0
202202,28956,10,2,8,0,0,0
202202,24602,10,4,6,0,0,0
202108,89249,10,0,10,0,0,0
202202,27653,1,0,1,0,0,0
202202,24698,25,9,16,0,0,0
202108,91261,10,0,10,0,0,0
202202,32456,10,0,10,0,0,0
202108,89513,10,4,6,0,0,0
202202,28957,10,2,8,0,0,0
202108,88534,3,0,3,0,0,0
202202,23323,10,0,10,0,0,0
202108,88723,10,0,10,0,0,0
202108,83882,10,0,10,0,0,0
202202,27213,10,0,10,0,0,0
202202,23385,3,0,3,0,0,0
202108,91262,10,3,7,0,0,0
202108,81977,10,2,8,0,0,0
202202,23785,10,0,10,0,0,0
202202,28958,10,0,10,0,0,0
202108,90218,3,0,3,0,0,0
202108,88724,10,0,10,0,0,0
202202,27654,10,0,10,0,0,0
202108,85580,10,0,10,0,0,0
202202,27215,10,0,10,0,0,0
202202,32492,10,0,10,0,0,0
202202,28131,10,1,9,0,0,0
202108,83718,10,0,10,0,0,0
202108,91265,10,1,9,0,0,0
202202,28959,10,0,10,0,0,0
202108,94555,10,0,10,0,0,0
202108,92910,10,0,10,0,0,0
202202,23324,10,1,9,0,0,0
202108,88725,10,2,8,0,0,0
202202,30105,5,0,5,0,0,0
202108,91266,10,1,9,0,0,0
202202,32501,10,0,10,0,0,0
202202,23453,10,0,10,0,0,0
202108,81852,40,1,39,0,0,0
202202,28960,10,2,8,0,0,0
202108,94562,10,0,10,0,0,0
202108,88726,10,0,10,0,0,0
202108,85588,10,0,10,0,0,0
202202,24785,10,1,9,0,0,0
202202,27216,10,0,10,0,0,0
202108,91268,10,0,10,0,0,0
202202,32461,10,0,10,0,0,0
202202,22923,10,0,10,0,0,0
202108,82435,10,0,10,0,0,0
202202,28961,10,0,10,0,0,0
202108,94568,10,0,10,0,0,0
202108,88727,10,5,5,0,0,0
202108,87155,10,0,10,0,0,0
202202,28349,5,3,2,0,0,0
202108,91269,10,0,10,0,0,0
202108,81980,10,1,9,0,0,0
202202,26383,3,0,3,0,0,0
202202,29944,10,0,10,0,0,0
202202,22124,10,1,9,0,0,0
202202,28962,10,0,10,0,0,0
202108,84362,3,0,3,0,0,0
202108,84124,10,0,10,0,0,0
202108,88728,10,0,10,0,0,0
202202,30104,5,0,5,0,0,0
202108,91271,10,0,10,0,0,0
202202,27437,5,0,5,0,0,0
202108,88580,10,10,0,0,0,0
202202,24790,10,0,10,0,0,0
202202,25157,10,0,10,0,0,0
202108,94571,10,0,10,0,0,0
202202,28970,10,3,7,0,0,0
202202,27217,10,0,10,0,0,0
202108,83883,10,0,10,0,0,0
202108,91272,10,0,10,0,0,0
202108,88729,10,0,10,0,0,0
202202,27836,5,0,5,0,0,0
202108,85907,10,2,8,0,0,0
202202,26028,10,0,10,0,0,0
202202,22015,20,18,2,0,0,0
202108,86903,5,0,5,0,0,0
202202,28971,10,0,10,0,0,0
202108,84132,10,0,10,0,0,0
202108,91273,10,1,9,0,0,0
202202,27214,10,0,10,0,0,0
202202,23531,10,0,10,0,0,0
202108,88730,10,1,9,0,0,0
202202,24660,3,0,3,0,0,0
202108,85845,20,3,17,0,0,0
202202,25628,35,25,10,0,0,0
202108,94581,10,0,10,0,0,0
202202,28972,10,0,10,0,0,0
202108,91275,10,0,10,0,0,0
202108,88074,10,0,10,0,0,0
202202,27218,10,0,10,0,0,0
202202,32122,5,0,5,0,0,0
202202,23325,10,0,10,0,0,0
202108,88731,10,0,10,0,0,0
202202,21595,75,55,20,0,0,0
202108,81958,5,1,4,0,0,0
202108,84225,3,0,3,0,0,0
202202,28973,10,2,8,0,0,0
202108,83887,10,1,9,0,0,0
202108,91277,10,1,9,0,0,0
202202,27219,10,0,10,0,0,0
202202,25390,5,0,5,0,0,0
202108,88732,10,0,10,0,0,0
202202,23536,10,0,10,0,0,0
202202,30005,10,1,9,0,0,0
202108,88811,10,0,10,0,0,0
202108,94626,10,0,10,0,0,0
202202,28974,10,2,8,0,0,0
202108,83888,10,0,10,0,0,0
202202,27220,10,0,10,0,0,0
202108,91279,10,0,10,0,0,0
202202,24651,3,0,3,0,0,0
202108,88733,10,1,9,0,0,0
202202,26737,10,0,10,0,0,0
202202,21724,10,3,7,0,0,0
202108,82081,25,12,13,0,0,0
202202,28975,10,0,10,0,0,0
202108,87903,3,0,3,0,0,0
202108,84821,10,1,9,0,0,0
202202,32276,10,0,10,0,0,0
202108,91280,10,0,10,0,0,0
202108,88734,10,0,10,0,0,0
202202,22437,3,0,3,0,0,0
202202,27090,10,2,8,0,0,0
202108,90433,10,0,10,0,0,0
202202,23328,10,5,5,0,0,0
202202,28976,10,1,9,0,0,0
202108,94644,10,0,10,0,0,0
202108,81035,10,0,10,0,0,0
202108,91282,20,13,7,0,0,0
202108,90090,10,0,10,0,0,0
202202,27221,10,0,10,0,0,0
202202,34271,10,1,9,0,0,0
202108,81833,10,0,10,0,0,0
202202,24253,3,0,3,0,0,0
202202,23329,10,2,8,0,0,0
202202,28977,10,1,9,0,0,0
202108,83226,3,0,3,0,0,0
202108,83889,10,0,10,0,0,0
202108,91283,10,0,10,0,0,0
202202,30259,5,0,5,0,0,0
202108,89188,5,0,5,0,0,0
202108,95290,5,0,5,0,0,0
202202,32504,10,0,10,0,0,0
202202,22026,10,2,8,0,0,0
202202,24133,10,1,9,0,0,0
202108,94635,10,0,10,0,0,0
202202,28978,10,0,10,0,0,0
202108,93137,10,0,10,0,0,0
202108,91284,20,2,18,0,0,0
202202,27222,10,0,10,0,0,0
202108,88735,10,1,9,0,0,0
202202,24813,40,0,40,0,0,0
202108,87628,10,0,10,0,0,0
202202,25477,5,0,5,0,0,0
202202,20918,10,0,10,0,0,0
202108,94468,10,0,10,0,0,0
202202,28979,10,5,5,0,0,0
202108,93308,10,1,9,0,0,0
202108,91287,10,1,9,0,0,0
202202,27223,10,0,10,0,0,0
202108,88736,10,1,9,0,0,0
202202,24910,20,2,18,0,0,0
202202,25180,5,0,5,0,0,0
202202,23330,10,0,10,0,0,0
202202,28980,10,1,9,0,0,0
202108,82666,10,0,10,0,0,0
202108,84439,3,0,3,0,0,0
202108,91290,10,1,9,0,0,0
202202,27224,10,0,10,0,0,0
202108,92949,5,0,5,0,0,0
202202,34061,10,1,9,0,0,0
202108,88128,45,34,11,0,0,0
202202,22888,6,0,6,0,0,0
202202,30125,10,0,10,0,0,0
202108,94455,10,0,10,0,0,0
202202,28981,10,2,8,0,0,0
202108,81165,10,0,10,0,0,0
202108,91292,10,2,8,0,0,0
202202,27424,5,0,5,0,0,0
202108,90388,5,2,3,0,0,0
202202,27747,10,4,6,0,0,0
202202,26727,3,0,3,0,0,0
202108,90566,45,40,5,0,0,0
202202,30249,10,1,9,0,0,0
202108,94478,10,0,10,0,0,0
202108,82117,10,1,9,0,0,0
202202,28982,10,4,6,0,0,0
202108,91295,10,1,9,0,0,0
202202,27225,10,1,9,0,0,0
202108,92566,112,107,5,0,0,0
202202,22312,10,1,9,0,0,0
202202,32430,10,0,10,0,0,0
202202,21714,10,1,9,0,0,0
202202,28983,10,0,10,0,0,0
202108,86673,3,0,3,0,0,0
202108,80483,50,46,4,0,0,0
202108,91297,10,0,10,0,0,0
202202,27226,10,0,10,0,0,0
202202,23204,10,8,2,0,0,0
202108,94375,2,2,0,0,0,0
202202,21038,10,0,10,0,0,0
202202,27470,3,0,3,0,0,0
202108,85122,20,7,13,0,0,0
202202,28984,10,1,9,0,0,0
202108,84839,3,2,1,0,0,0
202108,91299,10,2,8,0,0,0
202202,27428,5,0,5,0,0,0
202202,21609,40,7,33,0,0,0
202202,32466,10,0,10,0,0,0
202108,94161,15,15,0,0,0,0
202202,21833,10,0,10,0,0,0
202108,94485,10,0,10,0,0,0
202108,91301,10,2,8,0,0,0
202202,33704,30,5,25,0,0,0
202108,85123,20,0,20,0,0,0
202202,29979,5,0,5,0,0,0
202202,32469,10,0,10,0,0,0
202202,22103,10,0,10,0,0,0
202108,81410,60,53,7,0,0,0
202202,20442,50,42,8,0,0,0
202108,91302,10,2,8,0,0,0
202202,28985,10,1,9,0,0,0
202108,93464,3,0,3,0,0,0
202108,80484,10,0,10,0,0,0
202202,30061,5,0,5,0,0,0
202202,21717,10,2,8,0,0,0
202202,24408,20,2,18,0,0,0
202202,24866,20,0,20,0,0,0
202108,82638,20,12,8,0,0,0
202108,91303,10,1,9,0,0,0
202108,87850,10,5,5,0,0,0
202108,94490,10,0,10,0,0,0
202202,27227,10,0,10,0,0,0
202202,28986,10,0,10,0,0,0
202202,27118,10,7,3,0,0,0
202202,29920,5,0,5,0,0,0
202202,24409,20,1,19,0,0,0
202108,89945,30,27,3,0,0,0
202108,91304,10,0,10,0,0,0
202108,87667,3,0,3,0,0,0
202202,28987,10,1,9,0,0,0
202202,27228,15,6,9,0,0,0
202108,80494,10,2,8,0,0,0
202202,22644,3,0,3,0,0,0
202205,55864,100,0,100,50,0,50
202108,86064,20,11,9,0,0,0
202202,25074,10,1,9,0,0,0
202202,20443,10,1,9,0,0,0
202108,91305,10,0,10,0,0,0
202108,84085,1,0,1,0,0,0
202108,80495,10,3,7,0,0,0
202202,29619,10,0,10,0,0,0
202202,28231,5,0,5,0,0,0
202202,27611,3,0,3,0,0,0
202205,56094,200,0,200,50,0,50
202202,25014,20,0,20,0,0,0
202108,94887,8,5,3,0,0,0
202202,26539,10,6,4,0,0,0
202108,91306,10,0,10,0,0,0
202108,92452,6,0,6,0,0,0
202108,80496,10,0,10,0,0,0
202202,28988,10,0,10,0,0,0
202202,27229,10,0,10,0,0,0
202205,55201,50,0,50,50,0,50
202202,28251,3,0,3,0,0,0
202108,89374,30,16,14,0,0,0
202202,20450,10,2,8,0,0,0
202202,21696,5,4,1,0,0,0
202108,91307,10,0,10,0,0,0
202108,90227,3,0,3,0,0,0
202202,28989,10,0,10,0,0,0
202202,27230,10,0,10,0,0,0
202108,87739,10,2,8,5,0,5
202205,56536,50,0,50,0,0,0
202202,26432,5,0,5,0,0,0
202202,20451,30,11,19,0,0,0
202202,27297,10,0,10,0,0,0
202108,93970,10,3,7,0,0,0
202108,94576,10,0,10,0,0,0
202108,91322,10,3,7,0,0,0
202202,27231,10,3,7,0,0,0
202202,28990,10,2,8,0,0,0
202108,85776,10,0,10,0,0,0
202205,56481,50,0,50,50,0,50
202202,26068,3,0,3,0,0,0
202202,20452,10,1,9,0,0,0
202202,21802,25,9,16,0,0,0
202108,86380,32,32,0,0,0,0
202108,91323,10,0,10,0,0,0
202108,86984,3,0,3,0,0,0
202202,28991,10,2,8,0,0,0
202108,82667,10,0,10,0,0,0
202202,27232,10,0,10,0,0,0
202202,32473,10,0,10,0,0,0
202202,26460,10,2,8,5,0,5
202202,28401,10,1,9,0,0,0
202108,87420,15,12,3,0,0,0
202108,93204,5,0,5,0,0,0
202108,91324,10,0,10,0,0,0
202108,85303,10,0,10,0,0,0
202202,28992,10,0,10,0,0,0
202202,27233,10,1,9,0,0,0
202202,32475,10,0,10,0,0,0
202202,24951,10,0,10,0,0,0
202202,21599,10,0,10,0,0,0
202108,94888,8,1,7,0,0,0
202108,84697,3,0,3,0,0,0
202108,91325,10,3,7,0,0,0
202108,88859,10,0,10,0,0,0
202202,28993,10,0,10,0,0,0
202202,27234,10,0,10,0,0,0
202202,23203,7,0,7,0,0,0
202202,22313,10,0,10,0,0,0
202202,26385,10,0,10,0,0,0
202108,89375,30,17,13,0,0,0
202108,91326,10,0,10,0,0,0
202108,89148,5,0,5,0,0,0
202202,28994,10,0,10,0,0,0
202108,83768,30,11,19,0,0,0
202202,27235,10,0,10,0,0,0
202202,27883,5,0,5,0,0,0
202202,24558,10,0,10,0,0,0
202202,21851,10,0,10,0,0,0
202108,93971,20,4,16,0,0,0
202108,91327,10,0,10,0,0,0
202108,88995,5,0,5,0,0,0
202202,28907,10,5,5,0,0,0
202108,85895,10,0,10,0,0,0
202202,27236,10,1,9,0,0,0
202202,27153,5,0,5,0,0,0
202202,31693,10,3,7,0,0,0
202202,27334,10,0,10,0,0,0
202108,92448,32,16,16,0,0,0
202108,91328,10,2,8,0,0,0
202202,28995,10,0,10,0,0,0
202108,87185,6,0,6,0,0,0
202202,27237,10,0,10,0,0,0
202108,83040,10,0,10,0,0,0
202202,26389,8,0,8,0,0,0
202202,31246,25,17,8,0,0,0
202202,23245,10,10,0,0,0,0
202108,88129,20,7,13,0,0,0
202108,91329,10,5,5,0,0,0
202202,28996,10,0,10,0,0,0
202108,81622,10,2,8,0,0,0
202202,27238,10,0,10,0,0,0
202108,94495,10,0,10,0,0,0
202202,32477,10,0,10,0,0,0
202202,25062,10,0,10,0,0,0
202202,30624,15,15,0,0,0,0
202108,94886,14,6,8,0,0,0
202108,91330,10,0,10,0,0,0
202108,83175,10,0,10,0,0,0
202202,28997,10,0,10,0,0,0
202202,27239,10,1,9,0,0,0
202108,94597,10,0,10,0,0,0
202108,88750,10,2,8,0,0,0
202202,22824,3,0,3,0,0,0
202202,22635,10,0,10,0,0,0
202202,30625,95,57,38,0,0,0
202108,89376,10,4,6,0,0,0
202108,91331,10,4,6,0,0,0
202108,87636,10,3,7,5,0,5
202202,27240,10,0,10,0,0,0
202202,28998,10,1,9,0,0,0
202108,82818,6,0,6,0,0,0
202108,88751,10,1,9,0,0,0
202202,29753,5,0,5,0,0,0
202202,30626,70,65,5,0,0,0
202202,21402,10,2,8,0,0,0
202108,81744,116,74,42,0,0,0
202108,91332,10,0,10,0,0,0
202108,80497,10,4,6,0,0,0
202202,28999,10,1,9,0,0,0
202108,94591,10,0,10,0,0,0
202202,28117,10,0,10,0,0,0
202202,27378,5,0,5,0,0,0
202108,90027,5,1,4,0,0,0
202202,33827,15,12,3,0,0,0
202202,22746,10,2,8,0,0,0
202108,82640,25,11,14,0,0,0
202108,89822,10,0,10,0,0,0
202108,91333,10,4,6,0,0,0
202202,27608,5,0,5,0,0,0
202202,29000,10,1,9,0,0,0
202108,94477,10,0,10,0,0,0
202108,88752,10,0,10,0,0,0
202202,32480,10,0,10,0,0,0
202202,26391,10,3,7,5,0,5
202108,86905,40,17,23,0,0,0
202202,30627,25,5,20,0,0,0
202108,84147,10,1,9,0,0,0
202108,91334,10,2,8,0,0,0
202202,29001,10,2,8,0,0,0
202202,27241,10,0,10,0,0,0
202108,83952,3,0,3,0,0,0
202202,26404,5,0,5,0,0,0
202108,88753,10,0,10,0,0,0
202202,20453,10,4,6,0,0,0
202202,33603,20,0,20,0,0,0
202108,82589,75,64,11,0,0,0
202108,82342,10,1,9,0,0,0
202108,91335,10,0,10,0,0,0
202202,29002,10,3,7,0,0,0
202108,94586,10,0,10,0,0,0
202202,27242,10,1,9,0,0,0
202202,32482,10,0,10,0,0,0
202108,88757,10,0,10,0,0,0
202202,27940,10,0,10,0,0,0
202202,33604,20,0,20,0,0,0
202108,82591,30,17,13,0,0,0
202108,82440,10,6,4,0,0,0
202108,91336,10,1,9,0,0,0
202108,94601,10,0,10,0,0,0
202202,29003,10,2,8,0,0,0
202202,29974,5,1,4,0,0,0
202202,22808,3,0,3,0,0,0
202202,23549,10,0,10,0,0,0
202108,88754,10,1,9,0,0,0
202202,30636,45,23,22,0,0,0
202108,81849,80,39,41,0,0,0
202108,83194,10,1,9,0,0,0
202108,94176,30,7,23,0,0,0
202108,94665,10,0,10,0,0,0
202202,29004,10,1,9,0,0,0
202202,28362,5,3,2,0,0,0
202108,88755,10,1,9,0,0,0
202202,22019,10,2,8,0,0,0
202202,25658,3,0,3,0,0,0
202202,30637,10,8,2,0,0,0
202108,90735,35,28,7,0,0,0
202108,84139,10,3,7,0,0,0
202108,91337,10,0,10,0,0,0
202108,94509,10,0,10,0,0,0
202202,30966,22,15,7,5,0,5
202108,90157,1,0,1,0,0,0
202202,27581,3,0,3,0,0,0
202202,22108,10,4,6,0,0,0
202202,30654,55,52,3,0,0,0
202108,90908,90,70,20,0,0,0
202108,91338,10,1,9,0,0,0
202108,82668,10,0,10,0,0,0
202202,33513,2,1,1,0,0,0
202108,87624,3,0,3,0,0,0
202202,23222,3,0,3,0,0,0
202108,88756,10,0,10,0,0,0
202202,22759,10,3,7,0,0,0
202108,81848,90,70,20,0,0,0
202202,26955,30,21,9,0,0,0
202108,91339,10,0,10,0,0,0
202108,81166,10,2,8,0,0,0
202202,29140,30,30,0,10,0,10
202108,88996,5,0,5,0,0,0
202108,88758,10,0,10,0,0,0
202202,23542,10,3,7,0,0,0
202202,22976,3,0,3,0,0,0
202202,30655,44,37,7,0,0,0
202108,87676,15,5,10,0,0,0
202108,85464,10,4,6,0,0,0
202108,92318,10,0,10,0,0,0
202202,30967,12,5,7,5,0,5
202108,94639,10,0,10,0,0,0
202108,88759,10,0,10,0,0,0
202202,32365,5,0,5,0,0,0
202202,22314,10,0,10,0,0,0
202202,30656,20,7,13,0,0,0
202108,91225,15,5,10,0,0,0
202108,85959,10,0,10,0,0,0
202108,91340,10,0,10,0,0,0
202202,33027,17,17,0,0,0,0
202205,57275,25,0,25,0,0,0
202108,89667,5,0,5,0,0,0
202108,88760,10,2,8,0,0,0
202202,22167,3,0,3,0,0,0
202202,32839,32,20,12,0,0,0
202202,21039,10,2,8,0,0,0
202108,81850,80,75,5,0,0,0
202108,81623,10,1,9,0,0,0
202108,91341,10,0,10,0,0,0
202205,57273,25,0,25,0,0,0
202108,85415,3,0,3,0,0,0
202202,33028,17,17,0,10,0,10
202108,94417,5,1,4,0,0,0
202202,27161,3,0,3,0,0,0
202202,24706,10,3,7,0,0,0
202108,90746,10,4,6,0,0,0
202202,30657,44,37,7,0,0,0
202108,81874,10,2,8,0,0,0
202108,91342,10,1,9,0,0,0
202205,57272,25,0,25,0,0,0
202108,94515,10,0,10,0,0,0
202202,33442,6,2,4,0,0,0
202202,22139,6,0,6,0,0,0
202202,25125,10,0,10,0,0,0
202108,91999,90,76,14,0,0,0
202202,30658,20,18,2,0,0,0
202108,85355,10,2,8,0,0,0
202108,91343,10,4,6,0,0,0
202205,57271,5,0,5,25,0,25
202108,86335,5,0,5,0,0,0
202202,33443,6,2,4,0,0,0
202202,32489,10,0,10,0,0,0
202108,92531,20,6,14,0,0,0
202202,21403,10,2,8,0,0,0
202202,30659,32,28,4,0,0,0
202108,81268,10,0,10,0,0,0
202108,91344,10,0,10,0,0,0
202108,85404,3,0,3,0,0,0
202202,22503,3,0,3,0,0,0
202108,89382,32,32,0,0,0,0
202202,21623,10,4,6,0,0,0
202202,30660,15,10,5,0,0,0
202108,89818,10,1,9,0,0,0
202108,91345,10,0,10,0,0,0
202108,82811,3,0,3,0,0,0
202202,28745,144,117,27,0,0,0
202108,89592,30,14,16,0,0,0
202202,33326,30,15,15,0,0,0
202202,24603,10,4,6,0,0,0
202108,80498,10,1,9,0,0,0
202108,84942,3,0,3,0,0,0
202108,91346,10,1,9,0,0,0
202202,22540,24,21,3,20,0,20
202108,94139,40,39,1,0,0,0
202202,33588,10,4,6,0,0,0
202202,21135,10,0,10,0,0,0
202108,85581,10,1,9,0,0,0
202108,94608,10,0,10,0,0,0
202108,91238,10,4,6,0,0,0
202202,22541,24,24,0,20,0,20
202202,27936,10,2,8,0,0,0
202202,30661,97,94,3,0,0,0
202108,94141,35,21,14,0,0,0
202108,87807,10,2,8,0,0,0
202108,86450,5,0,5,0,0,0
202108,91347,10,0,10,0,0,0
202202,22542,24,18,6,20,0,20
202202,30662,20,15,5,0,0,0
202108,86381,32,22,10,0,0,0
202202,20454,10,0,10,0,0,0
202108,95025,10,1,9,0,0,0
202108,86015,5,0,5,0,0,0
202108,91348,10,1,9,0,0,0
202202,22543,24,24,0,20,0,20
202108,90748,15,7,8,0,0,0
202202,33580,12,10,2,0,0,0
202202,34194,10,3,7,0,0,0
202108,85589,10,3,7,0,0,0
202108,83379,6,0,6,0,0,0
202108,91349,10,0,10,0,0,0
202202,24281,24,11,13,20,0,20
202202,33586,12,10,2,0,0,0
202202,24786,10,2,8,0,0,0
202108,91137,15,15,0,0,0,0
202108,91350,10,1,9,0,0,0
202108,82669,10,2,8,0,0,0
202108,88062,3,0,3,0,0,0
202202,25479,24,19,5,20,0,20
202202,27255,10,1,9,0,0,0
202202,30663,95,72,23,0,0,0
202202,26504,10,2,8,0,0,0
202108,92089,15,15,0,0,0,0
202108,91351,10,3,7,0,0,0
202108,84125,10,0,10,0,0,0
202108,94461,10,0,10,0,0,0
202202,28742,144,106,38,0,0,0
202202,30872,95,72,23,0,0,0
202202,27256,10,0,10,0,0,0
202202,24791,10,8,2,0,0,0
202108,89383,40,19,21,0,0,0
202108,89033,3,0,3,0,0,0
202108,82349,10,0,10,0,0,0
202108,91352,10,0,10,0,0,0
202202,28860,48,29,19,20,0,20
202202,30664,10,4,6,0,0,0
202202,28063,5,1,4,0,0,0
202108,89530,20,12,8,0,0,0
202202,22315,10,2,8,0,0,0
202108,94521,10,0,10,0,0,0
202108,91353,10,0,10,0,0,0
202108,84133,10,0,10,0,0,0
