seatCapacity,seatActual,seatRemaining,waitlistCapacity,waitlistActual,waitlistRemaining
25,24,1,0,0,0
50,33,17,25,0,25
50,16,34,25,0,25
25,10,15,0,0,0
45,25,20,0,0,0
10,0,10,0,0,0
27,21,6,0,0,0
5,1,4,0,0,0
25,6,19,0,0,0
45,14,31,0,0,0
40,36,4,0,0,0
5,3,2,0,0,0
20,19,1,0,0,0
40,35,5,0,0,0
20,17,3,0,0,0
10,0,10,0,0,0
10,0,10,0,0,0
10,0,10,0,0,0
10,0,10,0,0,0
10,1,9,0,0,0
10,0,10,0,0,0
10,0,10,0,0,0
10,0,10,0,0,0
10,0,10,0,0,0
10,0,10,0,0,0
10,1,9,0,0,0
10,0,10,0,0,0
0,0,0,0,0,0
10,0,10,0,0,0
10,0,10,0,0,0
10,1,9,0,0,0
10,0,10,0,0,0
10,0,10,0,0,0
10,1,9,0,0,0
10,0,10,0,0,0
10,1,9,0,0,0
10,0,10,0,0,0
10,1,9,0,0,0
10,2,8,0,0,0
10,0,10,0,0,0
5,0,5,0,0,0
10,0,10,0,0,0
10,0,10,0,0,0
10,1,9,0,0,0
10,0,10,0,0,0
40,31,9,0,0,0
10,0,10,0,0,0
50,14,36,0,0,0
10,0,10,0,0,0
50,24,26,0,0,0
55,40,15,0,0,0
40,18,22,0,0,0
40,20,20,0,0,0
50,16,34,0,0,0
0,1,0,0,0,0
65,38,27,0,0,0
40,13,27,0,0,0
60,53,7,0,0,0
40,14,26,0,0,0
55,30,25,0,0,0
30,4,26,0,0,0
10,0,10,0,0,0
40,6,34,0,0,0
55,15,40,0,0,0
10,0,10,0,0,0
10,0,10,0,0,0
10,0,10,0,0,0
10,1,9,0,0,0
10,2,8,0,0,0
10,0,10,0,0,0
1,0,1,0,0,0
10,0,10,10,0,10
20,5,15,0,0,0
10,0,10,0,0,0
5,1,4,0,0,0
10,1,9,0,0,0
20,0,20,0,0,0
10,0,10,0,0,0
5,0,5,0,0,0
10,0,10,0,0,0
5,0,5,0,0,0
10,0,10,0,0,0
10,0,10,0,0,0
10,0,10,0,0,0
10,0,10,0,0,0
10,0,10,0,0,0
10,0,10,0,0,0
10,0,10,0,0,0
10,0,10,0,0,0
10,0,10,0,0,0
10,0,10,0,0,0
10,0,10,0,0,0
10,0,10,0,0,0
10,1,9,0,0,0
10,0,10,0,0,0
10,0,10,10,0,10
4,0,4,0,0,0
10,0,10,0,0,0
10,0,10,0,0,0
10,4,6,0,0,0
10,1,9,0,0,0
25,8,17,0,0,0
20,0,20,0,0,0
10,0,10,0,0,0
5,0,5,0,0,0
45,8,37,0,0,0
10,0,10,0,0,0
10,0,10,0,0,0
10,0,10,0,0,0
15,0,15,0,0,0
10,0,10,0,0,0
10,2,8,0,0,0
10,1,9,0,0,0
10,3,7,0,0,0
10,1,9,0,0,0
10,0,10,0,0,0
10,0,10,0,0,0
10,0,10,0,0,0
10,0,10,0,0,0
10,1,9,0,0,0
40,22,18,0,0,0
0,6,0,0,0,0
35,7,28,0,0,0
30,3,27,0,0,0
32,30,2,0,0,0
10,5,5,0,0,0
30,2,28,0,0,0
10,1,9,0,0,0
25,15,10,0,0,0
32,0,32,0,0,0
15,7,8,0,0,0
14,7,7,0,0,0
10,2,8,0,0,0
10,2,8,0,0,0
0,0,0,0,0,0
10,1,9,0,0,0
10,0,10,0,0,0
10,0,10,0,0,0
10,0,10,0,0,0
10,2,8,0,0,0
10,0,10,0,0,0
10,0,10,0,0,0
10,0,10,0,0,0
10,0,10,0,0,0
10,1,9,0,0,0
10,0,10,0,0,0
10,1,9,0,0,0
100,27,73,0,0,0
10,2,8,10,0,10
10,0,10,0,0,0
10,2,8,0,0,0
10,0,10,0,0,0
10,0,10,0,0,0
20,0,20,0,0,0
10,0,10,0,0,0
20,1,19,0,0,0
10,0,10,0,0,0
5,0,5,0,0,0
10,3,7,0,0,0
10,0,10,0,0,0
10,0,10,0,0,0
10,0,10,0,0,0
10,2,8,0,0,0
10,0,10,0,0,0
10,0,10,0,0,0
10,1,9,0,0,0
10,2,8,0,0,0
20,1,19,0,0,0
10,1,9,0,0,0
10,0,10,0,0,0
10,3,7,0,0,0
10,1,9,0,0,0
10,1,9,0,0,0
10,1,9,0,0,0
10,0,10,0,0,0
5,5,0,0,0,0
5,0,5,0,0,0
25,1,24,0,0,0
10,0,10,0,0,0
10,2,8,0,0,0
10,0,10,0,0,0
10,0,10,0,0,0
10,1,9,0,0,0
10,0,10,0,0,0
10,0,10,0,0,0
10,2,8,0,0,0
10,0,10,0,0,0
25,0,25,0,0,0
25,0,25,0,0,0
10,0,10,0,0,0
25,0,25,0,0,0
10,0,10,0,0,0
10,0,10,0,0,0
30,13,17,0,0,0
10,3,7,0,0,0
10,0,10,0,0,0
25,0,25,0,0,0
10,1,9,0,0,0
10,1,9,0,0,0
10,1,9,0,0,0
10,0,10,0,0,0
10,1,9,0,0,0
25,0,25,0,0,0
10,1,9,0,0,0
5,3,2,0,0,0
10,0,10,0,0,0
10,1,9,0,0,0
10,0,10,0,0,0
10,0,10,0,0,0
10,0,10,0,0,0
10,0,10,0,0,0
10,1,9,0,0,0
25,0,25,0,0,0
25,0,25,0,0,0
10,0,10,0,0,0
28,0,28,0,0,0
25,0,25,0,0,0
25,0,25,0,0,0
25,0,25,0,0,0
25,0,25,0,0,0
10,1,9,0,0,0
25,0,25,0,0,0
10,0,10,0,0,0
10,1,9,0,0,0
10,0,10,0,0,0
10,0,10,0,0,0
25,0,25,0,0,0
0,0,0,0,0,0
0,0,0,0,0,0
25,0,25,0,0,0
10,3,7,0,0,0
10,0,10,0,0,0
25,1,24,0,0,0
10,5,5,0,0,0
25,2,23,0,0,0
10,3,7,0,0,0
10,3,7,0,0,0
10,5,5,0,0,0
10,1,9,0,0,0
25,3,22,0,0,0
25,0,25,0,0,0
25,1,24,0,0,0
15,4,11,0,0,0
25,0,25,0,0,0
10,2,8,0,0,0
10,5,5,0,0,0
25,1,24,0,0,0
10,2,8,0,0,0
200,88,112,0,0,0
10,6,4,10,0,10
25,2,23,0,0,0
25,3,22,0,0,0
10,1,9,0,0,0
10,0,10,0,0,0
10,2,8,0,0,0
10,0,10,0,0,0
10,4,6,0,0,0
10,5,5,0,0,0
25,1,24,0,0,0
25,0,25,0,0,0
25,3,22,0,0,0
5,2,3,0,0,0
25,1,24,0,0,0
25,0,25,0,0,0
10,2,8,10,0,10
10,5,5,0,0,0
25,10,15,0,0,0
10,8,2,0,0,0
20,3,17,0,0,0
20,7,13,0,0,0
25,1,24,0,0,0
20,0,20,0,0,0
10,2,8,0,0,0
25,0,25,0,0,0
227,227,0,30,0,30
129,130,0,30,0,30
106,103,3,0,0,0
96,81,15,0,0,0
25,22,3,10,0,10
125,109,16,0,0,0
25,28,0,5,0,5
25,19,6,10,0,10
16,17,0,5,0,5
25,23,2,5,0,5
50,46,4,0,0,0
5,1,4,0,0,0
30,17,13,0,0,0
5,0,5,0,0,0
5,4,1,0,0,0
5,0,5,0,0,0
5,0,5,0,0,0
5,0,5,0,0,0
5,3,2,0,0,0
10,1,9,0,0,0
5,2,3,0,0,0
5,0,5,0,0,0
40,33,7,0,0,0
55,16,39,0,0,0
25,24,1,25,0,25
5,5,0,25,0,25
40,33,7,0,0,0
50,50,0,0,0,0
50,50,0,0,0,0
45,31,14,0,0,0
45,31,14,0,0,0
1,0,1,0,0,0
15,0,15,0,0,0
15,12,3,0,0,0
7,3,4,0,0,0
15,14,1,0,0,0
10,5,5,0,0,0
30,26,4,0,0,0
10,2,8,0,0,0
1,0,1,0,0,0
25,8,17,0,0,0
2,0,2,0,0,0
10,2,8,0,0,0
5,0,5,0,0,0
1,1,0,0,0,0
25,18,7,0,0,0
25,17,8,0,0,0
20,16,4,0,0,0
10,2,8,0,0,0
10,2,8,0,0,0
20,13,7,0,0,0
1,0,1,0,0,0
2,0,2,0,0,0
5,1,4,0,0,0
0,1,0,0,0,0
10,0,10,0,0,0
10,11,0,0,0,0
5,0,5,0,0,0
5,0,5,0,0,0
5,0,5,0,0,0
1,0,1,0,0,0
3,0,3,0,0,0
1,1,0,0,0,0
1,0,1,0,0,0
5,0,5,0,0,0
1,0,1,0,0,0
1,0,1,0,0,0
1,0,1,0,0,0
5,0,5,0,0,0
5,0,5,0,0,0
1,0,1,0,0,0
5,0,5,0,0,0
1,0,1,0,0,0
5,1,4,0,0,0
5,0,5,0,0,0
10,8,2,0,0,0
1,0,1,0,0,0
2,0,2,0,0,0
5,0,5,0,0,0
5,0,5,0,0,0
5,0,5,0,0,0
5,0,5,0,0,0
5,0,5,0,0,0
1,0,1,0,0,0
1,0,1,0,0,0
5,1,4,0,0,0
75,29,46,0,0,0
5,0,5,0,0,0
20,9,11,5,0,5
20,8,12,5,0,5
5,0,5,0,0,0
20,11,9,5,0,5
40,19,21,10,0,10
75,15,60,0,0,0
10,1,9,5,0,5
10,1,9,0,0,0
12,8,4,5,0,5
50,24,26,10,0,10
10,0,10,0,0,0
48,38,10,10,0,10
49,46,3,5,0,5
0,1,0,0,0,0
0,1,0,0,0,0
10,1,9,0,0,0
10,2,8,0,0,0
10,0,10,0,0,0
10,2,8,0,0,0
10,2,8,0,0,0
10,2,8,0,0,0
10,2,8,0,0,0
10,0,10,0,0,0
10,0,10,0,0,0
10,0,10,0,0,0
10,0,10,0,0,0
10,1,9,0,0,0
10,0,10,0,0,0
10,1,9,0,0,0
10,1,9,0,0,0
10,0,10,0,0,0
10,0,10,0,0,0
10,0,10,0,0,0
10,0,10,0,0,0
10,1,9,0,0,0
10,0,10,0,0,0
10,0,10,0,0,0
10,0,10,0,0,0
10,0,10,0,0,0
10,0,10,0,0,0
10,0,10,0,0,0
10,0,10,0,0,0
10,0,10,0,0,0
10,0,10,0,0,0
10,0,10,0,0,0
10,1,9,0,0,0
10,0,10,0,0,0
10,0,10,0,0,0
10,0,10,0,0,0
10,1,9,0,0,0
10,0,10,0,0,0
10,0,10,0,0,0
10,1,9,0,0,0
10,0,10,0,0,0
10,0,10,0,0,0
10,0,10,0,0,0
10,1,9,0,0,0
10,1,9,0,0,0
10,1,9,0,0,0
10,0,10,0,0,0
10,1,9,0,0,0
10,0,10,0,0,0
10,0,10,0,0,0
10,0,10,0,0,0
10,0,10,0,0,0
10,0,10,0,0,0
10,0,10,0,0,0
10,2,8,0,0,0
10,0,10,0,0,0
10,0,10,0,0,0
10,0,10,0,0,0
10,0,10,0,0,0
10,0,10,0,0,0
10,0,10,0,0,0
10,0,10,0,0,0
10,0,10,0,0,0
10,0,10,0,0,0
10,0,10,0,0,0
10,0,10,0,0,0
10,1,9,0,0,0
10,0,10,0,0,0
10,0,10,0,0,0
10,0,10,0,0,0
10,0,10,0,0,0
10,0,10,0,0,0
10,0,10,0,0,0
10,0,10,0,0,0
10,0,10,0,0,0
10,0,10,0,0,0
10,1,9,0,0,0
10,0,10,0,0,0
10,0,10,0,0,0
10,0,10,0,0,0
10,0,10,0,0,0
10,0,10,0,0,0
10,2,8,0,0,0
10,0,10,0,0,0
10,1,9,0,0,0
10,0,10,0,0,0
10,0,10,0,0,0
10,0,10,0,0,0
10,0,10,0,0,0
10,2,8,0,0,0
10,0,10,0,0,0
10,0,10,0,0,0
10,0,10,0,0,0
10,0,10,0,0,0
10,0,10,0,0,0
10,0,10,0,0,0
10,0,10,0,0,0
10,2,8,0,0,0
10,0,10,0,0,0
10,0,10,0,0,0
10,1,9,0,0,0
10,0,10,0,0,0
10,1,9,0,0,0
10,0,10,0,0,0
10,0,10,0,0,0
10,0,10,0,0,0
10,0,10,0,0,0
10,0,10,0,0,0
10,5,5,0,0,0
10,1,9,0,0,0
10,0,10,0,0,0
10,0,10,0,0,0
10,0,10,0,0,0
10,0,10,0,0,0
10,0,10,0,0,0
10,0,10,0,0,0
10,0,10,0,0,0
10,3,7,0,0,0
10,0,10,0,0,0
10,0,10,0,0,0
10,0,10,0,0,0
10,0,10,0,0,0
10,0,10,0,0,0
10,1,9,0,0,0
10,0,10,0,0,0
10,0,10,0,0,0
10,1,9,0,0,0
10,0,10,0,0,0
10,0,10,0,0,0
10,0,10,0,0,0
10,0,10,0,0,0
39,37,2,10,0,10
10,0,10,0,0,0
10,0,10,0,0,0
10,0,10,0,0,0
10,0,10,0,0,0
10,0,10,0,0,0
10,0,10,0,0,0
10,1,9,0,0,0
10,0,10,0,0,0
10,0,10,0,0,0
10,0,10,0,0,0
10,0,10,0,0,0
0,1,0,0,0,0
10,0,10,0,0,0
10,1,9,0,0,0
10,2,8,0,0,0
10,0,10,0,0,0
10,0,10,0,0,0
10,0,10,0,0,0
10,0,10,0,0,0
10,1,9,0,0,0
10,0,10,0,0,0
10,0,10,0,0,0
10,0,10,0,0,0
10,0,10,0,0,0
10,0,10,0,0,0
10,0,10,0,0,0
10,0,10,0,0,0
10,1,9,0,0,0
10,0,10,0,0,0
10,0,10,0,0,0
10,0,10,0,0,0
10,0,10,0,0,0
10,0,10,0,0,0
10,0,10,0,0,0
10,0,10,0,0,0
10,0,10,0,0,0
10,0,10,0,0,0
10,0,10,0,0,0
10,0,10,0,0,0
10,0,10,0,0,0
10,0,10,0,0,0
10,0,10,0,0,0
10,0,10,0,0,0
10,0,10,0,0,0
10,0,10,0,0,0
10,0,10,0,0,0
10,1,9,0,0,0
10,0,10,0,0,0
10,0,10,0,0,0
10,0,10,0,0,0
10,0,10,0,0,0
10,0,10,0,0,0
10,1,9,0,0,0
10,0,10,0,0,0
10,0,10,0,0,0
10,0,10,0,0,0
10,2,8,0,0,0
10,0,10,0,0,0
10,1,9,0,0,0
10,0,10,0,0,0
10,0,10,0,0,0
10,0,10,0,0,0
10,0,10,0,0,0
10,1,9,0,0,0
10,0,10,0,0,0
0,0,0,0,0,0
10,0,10,0,0,0
10,0,10,0,0,0
10,1,9,0,0,0
10,0,10,0,0,0
10,0,10,0,0,0
10,0,10,0,0,0
10,0,10,0,0,0
10,0,10,0,0,0
10,0,10,0,0,0
10,0,10,0,0,0
10,0,10,0,0,0
10,0,10,0,0,0
10,0,10,0,0,0
10,0,10,0,0,0
10,0,10,0,0,0
10,0,10,0,0,0
10,0,10,0,0,0
10,0,10,0,0,0
10,0,10,0,0,0
10,0,10,0,0,0
10,0,10,0,0,0
10,0,10,0,0,0
10,0,10,0,0,0
10,0,10,0,0,0
10,0,10,0,0,0
10,0,10,0,0,0
10,0,10,0,0,0
10,0,10,0,0,0
10,0,10,0,0,0
10,0,10,0,0,0
10,0,10,0,0,0
10,0,10,0,0,0
10,0,10,0,0,0
10,0,10,0,0,0
10,0,10,0,0,0
10,0,10,0,0,0
10,0,10,0,0,0
10,1,9,0,0,0
10,0,10,0,0,0
10,0,10,0,0,0
10,0,10,0,0,0
10,0,10,0,0,0
10,0,10,0,0,0
10,0,10,0,0,0
10,0,10,0,0,0
10,0,10,0,0,0
10,0,10,0,0,0
10,0,10,0,0,0
10,0,10,0,0,0
10,0,10,0,0,0
10,0,10,0,0,0
10,0,10,0,0,0
10,0,10,0,0,0
10,0,10,0,0,0
10,0,10,0,0,0
10,2,8,0,0,0
10,0,10,0,0,0
10,0,10,0,0,0
10,0,10,0,0,0
10,0,10,0,0,0
10,0,10,0,0,0
10,0,10,0,0,0
10,0,10,0,0,0
10,0,10,0,0,0
10,0,10,0,0,0
10,0,10,0,0,0
10,0,10,0,0,0
10,0,10,0,0,0
10,0,10,0,0,0
10,0,10,0,0,0
10,2,8,0,0,0
10,0,10,0,0,0
10,0,10,0,0,0
10,0,10,0,0,0
10,0,10,0,0,0
10,0,10,0,0,0
10,0,10,0,0,0
10,0,10,0,0,0
10,0,10,0,0,0
10,0,10,0,0,0
10,1,9,0,0,0
20,5,15,0,0,0
30,21,9,0,0,0
10,2,8,0,0,0
10,1,9,0,0,0
10,0,10,0,0,0
10,0,10,0,0,0
10,2,8,0,0,0
10,2,8,0,0,0
10,0,10,0,0,0
10,0,10,0,0,0
10,0,10,0,0,0
10,2,8,0,0,0
10,0,10,0,0,0
10,6,4,0,0,0
10,1,9,0,0,0
10,0,10,0,0,0
10,4,6,0,0,0
10,0,10,0,0,0
10,0,10,0,0,0
10,1,9,0,0,0
10,3,7,0,0,0
10,0,10,0,0,0
10,1,9,0,0,0
10,4,6,0,0,0
10,0,10,0,0,0
10,2,8,0,0,0
10,3,7,0,0,0
10,1,9,0,0,0
10,0,10,0,0,0
10,2,8,0,0,0
10,1,9,0,0,0
10,0,10,0,0,0
10,0,10,0,0,0
10,0,10,0,0,0
10,0,10,0,0,0
10,1,9,0,0,0
10,2,8,0,0,0
10,1,9,0,0,0
10,1,9,0,0,0
10,3,7,0,0,0
10,0,10,0,0,0
10,0,10,0,0,0
10,0,10,0,0,0
10,0,10,0,0,0
10,4,6,0,0,0
10,3,7,0,0,0
10,2,8,0,0,0
10,1,9,0,0,0
10,2,8,0,0,0
10,0,10,0,0,0
10,0,10,0,0,0
10,2,8,0,0,0
10,0,10,0,0,0
10,3,7,0,0,0
10,0,10,0,0,0
10,0,10,0,0,0
10,10,0,0,0,0
10,0,10,0,0,0
10,2,8,0,0,0
10,0,10,0,0,0
10,1,9,0,0,0
10,5,5,5,0,5
10,3,7,0,0,0
10,1,9,0,0,0
10,0,10,0,0,0
10,4,6,0,0,0
10,2,8,0,0,0
10,0,10,0,0,0
10,0,10,0,0,0
10,7,3,0,0,0
10,1,9,0,0,0
10,0,10,0,0,0
10,0,10,0,0,0
10,3,7,0,0,0
10,1,9,0,0,0
10,4,6,0,0,0
10,0,10,0,0,0
10,0,10,0,0,0
10,1,9,0,0,0
10,1,9,0,0,0
10,1,9,0,0,0
10,8,2,0,0,0
10,3,7,0,0,0
10,3,7,0,0,0
10,2,8,0,0,0
10,1,9,0,0,0
10,2,8,0,0,0
10,1,9,0,0,0
10,0,10,0,0,0
10,3,7,0,0,0
10,3,7,0,0,0
10,0,10,0,0,0
10,3,7,0,0,0
10,2,8,0,0,0
10,4,6,0,0,0
10,0,10,0,0,0
10,1,9,0,0,0
10,0,10,0,0,0
10,0,10,0,0,0
10,3,7,0,0,0
10,5,5,0,0,0
10,0,10,0,0,0
10,3,7,0,0,0
10,2,8,0,0,0
10,0,10,0,0,0
10,0,10,0,0,0
10,2,8,0,0,0
10,3,7,0,0,0
10,0,10,0,0,0
10,5,5,0,0,0
10,1,9,0,0,0
10,2,8,0,0,0
40,33,7,20,0,20
40,33,7,0,0,0
40,14,26,0,0,0
40,14,26,20,0,20
5,0,5,0,0,0
3,0,3,0,0,0
1,0,1,0,0,0
5,0,5,0,0,0
3,0,3,0,0,0
3,0,3,0,0,0
3,0,3,0,0,0
5,0,5,0,0,0
3,0,3,0,0,0
5,0,5,0,0,0
3,0,3,0,0,0
3,0,3,0,0,0
3,0,3,0,0,0
3,0,3,0,0,0
5,0,5,0,0,0
3,0,3,0,0,0
3,0,3,0,0,0
3,0,3,0,0,0
6,0,6,0,0,0
3,0,3,0,0,0
3,0,3,0,0,0
3,0,3,0,0,0
3,0,3,0,0,0
3,0,3,0,0,0
3,0,3,0,0,0
3,0,3,0,0,0
2,0,2,0,0,0
3,0,3,0,0,0
5,0,5,0,0,0
3,0,3,0,0,0
3,0,3,0,0,0
3,0,3,0,0,0
3,0,3,0,0,0
3,0,3,0,0,0
3,1,2,0,0,0
5,1,4,0,0,0
5,0,5,0,0,0
1,1,0,0,0,0
3,0,3,0,0,0
3,0,3,0,0,0
4,0,4,0,0,0
2,0,2,0,0,0
5,0,5,0,0,0
5,0,5,0,0,0
5,0,5,0,0,0
5,0,5,0,0,0
5,0,5,0,0,0
3,0,3,0,0,0
3,0,3,0,0,0
5,0,5,0,0,0
3,0,3,0,0,0
3,0,3,0,0,0
1,1,0,0,0,0
6,0,6,0,0,0
24,23,1,0,0,0
24,23,1,10,0,10
36,6,30,10,0,10
36,6,30,0,0,0
96,38,58,10,0,10
48,8,40,10,0,10
50,25,25,20,0,20
48,30,18,10,0,10
30,30,0,10,0,10
60,30,30,0,0,0
30,13,17,10,0,10
60,13,47,0,0,0
20,20,0,20,0,20
20,20,0,0,0,0
57,35,22,0,0,0
3,0,3,0,0,0
3,0,3,0,0,0
2,0,2,0,0,0
3,0,3,0,0,0
3,0,3,0,0,0
3,0,3,0,0,0
3,0,3,0,0,0
5,1,4,0,0,0
50,25,25,0,0,0
3,1,2,0,0,0
5,2,3,0,0,0
1,0,1,0,0,0
5,0,5,0,0,0
3,1,2,0,0,0
3,0,3,0,0,0
3,0,3,0,0,0
7,1,6,0,0,0
3,0,3,0,0,0
3,0,3,0,0,0
3,2,1,0,0,0
5,0,5,0,0,0
2,0,2,0,0,0
3,2,1,0,0,0
3,0,3,0,0,0
2,1,1,0,0,0
3,0,3,0,0,0
5,0,5,0,0,0
3,0,3,0,0,0
3,0,3,0,0,0
2,0,2,0,0,0
1,0,1,0,0,0
5,0,5,0,0,0
5,0,5,0,0,0
5,1,4,0,0,0
3,0,3,0,0,0
5,1,4,0,0,0
3,1,2,0,0,0
3,0,3,0,0,0
5,0,5,0,0,0
3,0,3,0,0,0
3,1,2,0,0,0
3,0,3,0,0,0
3,1,2,0,0,0
3,0,3,0,0,0
3,0,3,0,0,0
5,2,3,0,0,0
3,1,2,0,0,0
1,0,1,0,0,0
5,1,4,0,0,0
3,0,3,0,0,0
2,0,2,0,0,0
5,0,5,0,0,0
3,0,3,0,0,0
5,0,5,0,0,0
5,0,5,0,0,0
5,0,5,0,0,0
3,0,3,0,0,0
3,2,1,0,0,0
2,0,2,0,0,0
5,0,5,0,0,0
5,2,3,0,0,0
3,1,2,0,0,0
5,0,5,0,0,0
3,0,3,0,0,0
6,0,6,0,0,0
3,0,3,0,0,0
5,3,2,0,0,0
3,0,3,0,0,0
5,1,4,0,0,0
3,1,2,0,0,0
5,0,5,0,0,0
5,0,5,0,0,0
3,2,1,0,0,0
5,0,5,0,0,0
3,0,3,0,0,0
5,0,5,0,0,0
5,0,5,0,0,0
10,0,10,0,0,0
3,0,3,0,0,0
3,0,3,0,0,0
3,0,3,0,0,0
3,0,3,0,0,0
5,0,5,0,0,0
5,1,4,0,0,0
3,2,1,0,0,0
3,0,3,0,0,0
3,1,2,0,0,0
3,0,3,0,0,0
5,0,5,0,0,0
5,0,5,0,0,0
3,0,3,0,0,0
5,0,5,0,0,0
10,3,7,0,0,0
5,2,3,0,0,0
8,0,8,0,0,0
10,1,9,0,0,0
5,0,5,0,0,0
3,0,3,0,0,0
3,0,3,0,0,0
5,1,4,0,0,0
5,0,5,0,0,0
5,0,5,0,0,0
3,1,2,0,0,0
1,0,1,0,0,0
3,0,3,0,0,0
5,0,5,0,0,0
5,1,4,0,0,0
3,0,3,0,0,0
8,6,2,0,0,0
3,0,3,0,0,0
1,0,1,0,0,0
3,0,3,0,0,0
5,0,5,0,0,0
5,0,5,0,0,0
3,0,3,0,0,0
5,2,3,0,0,0
3,0,3,0,0,0
3,0,3,0,0,0
15,3,12,0,0,0
3,0,3,0,0,0
3,0,3,0,0,0
3,0,3,0,0,0
8,1,7,0,0,0
3,2,1,0,0,0
16,14,2,10,0,10
12,11,1,4,0,4
12,11,1,4,0,4
15,8,7,5,0,5
40,29,11,10,0,10
48,25,23,0,0,0
48,25,23,15,0,15
27,26,1,0,0,0
27,26,1,0,0,0
27,26,1,0,0,0
27,26,1,0,0,0
10,0,10,0,0,0
0,0,0,0,0,0
10,1,9,0,0,0
10,0,10,0,0,0
3,1,2,0,0,0
10,0,10,0,0,0
3,1,2,0,0,0
3,0,3,0,0,0
5,0,5,0,0,0
5,0,5,0,0,0
5,1,4,0,0,0
5,1,4,0,0,0
3,1,2,0,0,0
3,1,2,0,0,0
5,0,5,0,0,0
3,0,3,0,0,0
3,1,2,0,0,0
10,0,10,0,0,0
5,0,5,0,0,0
5,1,4,0,0,0
5,0,5,0,0,0
3,1,2,0,0,0
10,0,10,0,0,0
2,0,2,0,0,0
5,0,5,0,0,0
10,0,10,0,0,0
5,0,5,0,0,0
2,1,1,0,0,0
5,0,5,0,0,0
5,0,5,0,0,0
5,0,5,0,0,0
0,0,0,0,0,0
2,0,2,0,0,0
25,4,21,0,0,0
40,14,26,0,0,0
24,3,21,5,0,5
40,14,26,0,0,0
5,0,5,0,0,0
5,0,5,0,0,0
3,0,3,0,0,0
1,0,1,0,0,0
3,0,3,0,0,0
20,0,20,0,0,0
1,0,1,0,0,0
5,0,5,0,0,0
1,0,1,0,0,0
1,1,0,0,0,0
10,0,10,0,0,0
10,4,6,0,0,0
5,0,5,0,0,0
10,1,9,0,0,0
10,0,10,0,0,0
25,0,25,0,0,0
10,0,10,0,0,0
10,1,9,0,0,0
3,1,2,0,0,0
10,0,10,0,0,0
10,0,10,0,0,0
10,4,6,0,0,0
10,0,10,0,0,0
10,0,10,0,0,0
5,1,4,0,0,0
10,4,6,0,0,0
5,1,4,0,0,0
20,1,19,0,0,0
5,1,4,0,0,0
5,0,5,0,0,0
10,3,7,0,0,0
10,0,10,0,0,0
10,0,10,0,0,0
5,4,1,0,0,0
5,0,5,0,0,0
10,3,7,0,0,0
10,6,4,0,0,0
10,7,3,0,0,0
5,5,0,0,0,0
10,3,7,0,0,0
5,3,2,0,0,0
5,2,3,0,0,0
15,7,8,0,0,0
10,5,5,0,0,0
5,3,2,0,0,0
10,4,6,0,0,0
10,0,10,0,0,0
3,2,1,0,0,0
10,0,10,0,0,0
5,2,3,0,0,0
10,0,10,0,0,0
5,3,2,0,0,0
10,4,6,0,0,0
5,1,4,0,0,0
10,3,7,0,0,0
10,0,10,0,0,0
10,0,10,0,0,0
3,1,2,0,0,0
10,2,8,0,0,0
10,2,8,0,0,0
5,1,4,0,0,0
10,2,8,0,0,0
5,4,1,0,0,0
10,0,10,0,0,0
6,3,3,0,0,0
4,3,1,0,0,0
5,0,5,0,0,0
7,5,2,0,0,0
6,3,3,0,0,0
10,0,10,0,0,0
10,0,10,0,0,0
20,6,14,0,0,0
10,6,4,0,0,0
10,0,10,0,0,0
10,4,6,0,0,0
5,2,3,0,0,0
10,0,10,0,0,0
5,0,5,0,0,0
5,5,0,0,0,0
5,3,2,0,0,0
3,1,2,0,0,0
2,0,2,0,0,0
10,1,9,0,0,0
6,4,2,0,0,0
10,1,9,0,0,0
10,5,5,0,0,0
10,4,6,0,0,0
5,1,4,0,0,0
10,5,5,0,0,0
10,1,9,0,0,0
10,0,10,0,0,0
5,2,3,0,0,0
10,3,7,0,0,0
10,0,10,0,0,0
10,3,7,0,0,0
10,3,7,0,0,0
5,1,4,0,0,0
10,5,5,0,0,0
10,0,10,0,0,0
10,0,10,0,0,0
10,0,10,0,0,0
5,2,3,0,0,0
10,3,7,0,0,0
20,11,9,0,0,0
10,2,8,0,0,0
5,1,4,0,0,0
6,3,3,0,0,0
10,0,10,0,0,0
10,3,7,0,0,0
10,1,9,0,0,0
10,4,6,0,0,0
5,0,5,0,0,0
6,3,3,0,0,0
5,2,3,0,0,0
10,0,10,0,0,0
10,1,9,0,0,0
6,1,5,0,0,0
12,9,3,0,0,0
1,0,1,0,0,0
10,2,8,0,0,0
10,1,9,0,0,0
5,0,5,0,0,0
5,2,3,0,0,0
5,0,5,0,0,0
10,1,9,0,0,0
4,0,4,0,0,0
10,4,6,0,0,0
10,0,10,0,0,0
15,1,14,0,0,0
10,0,10,0,0,0
5,0,5,0,0,0
40,17,23,0,0,0
20,3,17,0,0,0
40,18,22,0,0,0
15,3,12,0,0,0
10,1,9,0,0,0
30,5,25,0,0,0
20,7,13,0,0,0
30,13,17,0,0,0
20,8,12,0,0,0
5,1,4,0,0,0
5,0,5,0,0,0
5,0,5,0,0,0
5,1,4,0,0,0
5,0,5,0,0,0
2,0,2,0,0,0
3,0,3,0,0,0
30,4,26,0,0,0
5,0,5,0,0,0
5,0,5,0,0,0
10,0,10,0,0,0
5,1,4,0,0,0
3,0,3,0,0,0
3,0,3,0,0,0
5,0,5,0,0,0
5,0,5,0,0,0
2,0,2,0,0,0
5,0,5,0,0,0
3,0,3,0,0,0
5,0,5,0,0,0
5,0,5,0,0,0
5,0,5,0,0,0
5,0,5,0,0,0
5,0,5,0,0,0
5,0,5,0,0,0
5,0,5,0,0,0
5,0,5,0,0,0
5,0,5,0,0,0
5,0,5,0,0,0
12,3,9,0,0,0
12,3,9,0,0,0
20,16,4,8,0,8
20,20,0,8,0,8
40,9,31,0,0,0
34,13,21,0,0,0
10,0,10,0,0,0
5,0,5,0,0,0
28,11,17,0,0,0
5,0,5,0,0,0
5,0,5,0,0,0
5,0,5,0,0,0
10,0,10,0,0,0
10,0,10,0,0,0
10,0,10,0,0,0
10,2,8,0,0,0
10,0,10,0,0,0
10,0,10,0,0,0
10,0,10,0,0,0
10,0,10,0,0,0
10,0,10,0,0,0
10,0,10,0,0,0
10,0,10,0,0,0
10,0,10,0,0,0
10,0,10,0,0,0
5,0,5,0,0,0
10,0,10,0,0,0
10,0,10,0,0,0
10,0,10,0,0,0
10,0,10,0,0,0
10,0,10,0,0,0
10,0,10,0,0,0
10,0,10,0,0,0
10,0,10,0,0,0
10,0,10,0,0,0
10,0,10,0,0,0
10,1,9,0,0,0
10,0,10,0,0,0
10,0,10,0,0,0
10,0,10,0,0,0
10,0,10,0,0,0
10,0,10,0,0,0
10,0,10,0,0,0
10,0,10,0,0,0
10,0,10,0,0,0
10,0,10,0,0,0
10,0,10,0,0,0
10,0,10,0,0,0
10,0,10,0,0,0
10,0,10,0,0,0
10,0,10,0,0,0
10,0,10,0,0,0
48,15,33,0,0,0
48,14,34,0,0,0
45,28,17,0,0,0
40,17,23,0,0,0
15,15,0,0,0,0
15,9,6,0,0,0
12,5,7,0,0,0
3,2,1,0,0,0
3,3,0,0,0,0
36,24,12,0,0,0
40,14,26,0,0,0
12,7,5,0,0,0
60,30,30,0,0,0
0,0,0,0,0,0
2,0,2,0,0,0
45,21,24,0,0,0
5,0,5,0,0,0
10,0,10,0,0,0
10,0,10,0,0,0
10,0,10,0,0,0
5,0,5,0,0,0
10,0,10,0,0,0
5,0,5,0,0,0
10,0,10,0,0,0
10,0,10,0,0,0
5,1,4,0,0,0
10,0,10,0,0,0
10,0,10,0,0,0
5,0,5,0,0,0
10,0,10,0,0,0
5,0,5,0,0,0
10,0,10,0,0,0
10,0,10,0,0,0
5,0,5,0,0,0
5,0,5,0,0,0
5,0,5,0,0,0
5,0,5,0,0,0
10,0,10,0,0,0
5,0,5,0,0,0
10,0,10,0,0,0
10,3,7,0,0,0
5,0,5,0,0,0
5,1,4,0,0,0
10,0,10,0,0,0
5,1,4,0,0,0
5,0,5,0,0,0
5,0,5,0,0,0
10,0,10,0,0,0
10,0,10,0,0,0
5,0,5,0,0,0
10,0,10,0,0,0
10,1,9,0,0,0
5,0,5,0,0,0
5,0,5,0,0,0
5,0,5,0,0,0
10,0,10,0,0,0
10,1,9,0,0,0
10,1,9,0,0,0
5,0,5,0,0,0
10,0,10,0,0,0
5,0,5,0,0,0
12,2,10,0,0,0
10,2,8,0,0,0
10,3,7,0,0,0
10,0,10,0,0,0
5,0,5,0,0,0
10,0,10,0,0,0
10,0,10,0,0,0
10,2,8,0,0,0
10,0,10,0,0,0
10,1,9,0,0,0
5,0,5,0,0,0
7,7,0,0,0,0
10,0,10,0,0,0
10,0,10,0,0,0
10,0,10,0,0,0
10,0,10,0,0,0
10,1,9,0,0,0
10,0,10,0,0,0
10,0,10,0,0,0
10,1,9,0,0,0
10,0,10,0,0,0
10,2,8,0,0,0
10,0,10,0,0,0
10,1,9,0,0,0
10,0,10,0,0,0
10,0,10,0,0,0
10,0,10,0,0,0
5,0,5,0,0,0
10,0,10,0,0,0
10,1,9,0,0,0
10,0,10,0,0,0
10,0,10,0,0,0
10,1,9,0,0,0
10,0,10,0,0,0
10,0,10,0,0,0
10,0,10,0,0,0
35,13,22,0,0,0
10,0,10,0,0,0
10,1,9,0,0,0
10,0,10,0,0,0
10,0,10,0,0,0
10,0,10,0,0,0
10,0,10,0,0,0
10,0,10,0,0,0
10,0,10,0,0,0
10,0,10,0,0,0
5,0,5,0,0,0
10,2,8,0,0,0
10,0,10,0,0,0
10,0,10,0,0,0
10,0,10,0,0,0
10,0,10,0,0,0
10,0,10,0,0,0
10,0,10,0,0,0
10,0,10,0,0,0
10,1,9,0,0,0
10,0,10,0,0,0
10,1,9,0,0,0
10,1,9,0,0,0
10,0,10,0,0,0
10,1,9,0,0,0
10,0,10,0,0,0
10,0,10,0,0,0
10,0,10,0,0,0
5,0,5,0,0,0
5,2,3,0,0,0
10,4,6,0,0,0
5,4,1,0,0,0
15,8,7,0,0,0
5,0,5,0,0,0
15,10,5,0,0,0
5,1,4,0,0,0
10,7,3,0,0,0
20,9,11,0,0,0
5,0,5,0,0,0
15,9,6,0,0,0
5,0,5,0,0,0
10,4,6,0,0,0
5,0,5,0,0,0
10,4,6,0,0,0
15,12,3,0,0,0
10,4,6,0,0,0
5,5,0,0,0,0
10,3,7,0,0,0
5,2,3,0,0,0
10,9,1,0,0,0
10,2,8,0,0,0
25,5,20,0,0,0
10,2,8,0,0,0
5,0,5,0,0,0
10,7,3,0,0,0
10,0,10,0,0,0
10,6,4,0,0,0
10,9,1,0,0,0
15,3,12,0,0,0
10,2,8,0,0,0
15,2,13,0,0,0
5,1,4,0,0,0
10,0,10,0,0,0
5,1,4,0,0,0
10,6,4,0,0,0
2,0,2,0,0,0
20,13,7,0,0,0
10,4,6,0,0,0
10,3,7,0,0,0
10,3,7,0,0,0
10,1,9,0,0,0
2,0,2,0,0,0
20,0,20,0,0,0
10,0,10,0,0,0
5,1,4,0,0,0
10,2,8,0,0,0
12,9,3,2,0,2
12,11,1,6,0,6
12,12,0,2,0,2
12,6,6,2,0,2
12,11,1,2,0,2
0,0,0,2,0,2
48,35,13,0,0,0
12,9,3,2,0,2
12,9,3,2,0,2
12,10,2,2,0,2
12,7,5,2,0,2
72,28,44,0,0,0
24,15,9,8,0,8
60,49,11,0,0,0
24,1,23,8,0,8
24,12,12,4,0,4
35,30,5,15,0,15
100,82,18,10,0,10
20,19,1,5,0,5
125,66,59,0,0,0
20,19,1,5,0,5
20,17,3,5,0,5
1,0,1,0,0,0
9,5,4,2,0,2
20,19,1,5,0,5
2,0,2,0,0,0
2,0,2,0,0,0
2,0,2,0,0,0
2,1,1,0,0,0
2,2,0,0,0,0
2,1,1,0,0,0
2,1,1,0,0,0
4,0,4,0,0,0
2,0,2,0,0,0
1,0,1,0,0,0
2,0,2,0,0,0
1,0,1,0,0,0
1,0,1,0,0,0
2,0,2,0,0,0
2,0,2,0,0,0
3,2,1,0,0,0
2,0,2,0,0,0
90,52,38,20,0,20
5,1,4,0,0,0
5,1,4,0,0,0
1,1,0,0,0,0
1,1,0,0,0,0
1,1,0,0,0,0
3,2,1,0,0,0
2,0,2,0,0,0
2,0,2,0,0,0
1,0,1,0,0,0
1,0,1,0,0,0
1,1,0,0,0,0
1,0,1,0,0,0
3,1,2,0,0,0
2,0,2,0,0,0
1,0,1,0,0,0
1,0,1,0,0,0
1,1,0,0,0,0
2,0,2,0,0,0
2,2,0,0,0,0
3,1,2,0,0,0
3,1,2,0,0,0
3,0,3,0,0,0
1,0,1,0,0,0
3,0,3,0,0,0
1,0,1,0,0,0
3,0,3,0,0,0
2,0,2,0,0,0
3,0,3,0,0,0
3,2,1,0,0,0
3,0,3,0,0,0
3,1,2,0,0,0
2,0,2,0,0,0
3,0,3,0,0,0
3,0,3,0,0,0
3,0,3,0,0,0
1,1,0,0,0,0
1,0,1,0,0,0
1,0,1,0,0,0
1,0,1,0,0,0
1,0,1,0,0,0
3,1,2,0,0,0
2,1,1,0,0,0
2,1,1,0,0,0
1,0,1,0,0,0
2,0,2,0,0,0
2,1,1,0,0,0
3,0,3,0,0,0
2,0,2,0,0,0
3,1,2,0,0,0
2,0,2,0,0,0
2,0,2,0,0,0
3,0,3,0,0,0
4,4,0,0,0,0
1,0,1,0,0,0
2,0,2,0,0,0
2,0,2,0,0,0
2,0,2,0,0,0
2,0,2,0,0,0
2,2,0,0,0,0
2,1,1,0,0,0
2,1,1,0,0,0
2,1,1,0,0,0
3,0,3,0,0,0
2,0,2,0,0,0
2,1,1,0,0,0
2,0,2,0,0,0
2,0,2,0,0,0
10,1,9,0,0,0
20,0,20,0,0,0
25,1,24,0,0,0
3,0,3,0,0,0
20,1,19,0,0,0
2,0,2,0,0,0
1,0,1,0,0,0
1,0,1,0,0,0
20,1,19,0,0,0
20,0,20,0,0,0
20,0,20,0,0,0
20,0,20,0,0,0
20,0,20,0,0,0
20,0,20,0,0,0
20,0,20,0,0,0
20,0,20,0,0,0
20,0,20,0,0,0
2,0,2,0,0,0
1,0,1,0,0,0
20,0,20,0,0,0
20,0,20,0,0,0
300,21,279,0,0,0
3,0,3,0,0,0
1,0,1,0,0,0
12,5,7,0,0,0
2,0,2,0,0,0
20,0,20,0,0,0
10,1,9,0,0,0
20,0,20,0,0,0
20,0,20,0,0,0
30,2,28,0,0,0
20,9,11,0,0,0
20,0,20,0,0,0
20,7,13,0,0,0
20,4,16,0,0,0
10,8,2,0,0,0
12,4,8,0,0,0
3,1,2,0,0,0
12,9,3,0,0,0
2,0,2,0,0,0
15,9,6,0,0,0
20,2,18,0,0,0
7,0,7,0,0,0
20,2,18,0,0,0
3,0,3,0,0,0
8,7,1,0,0,0
20,5,15,0,0,0
5,2,3,0,0,0
20,6,14,0,0,0
20,3,17,0,0,0
20,4,16,0,0,0
20,2,18,0,0,0
10,0,10,0,0,0
20,1,19,0,0,0
8,5,3,0,0,0
8,3,5,0,0,0
20,4,16,0,0,0
3,0,3,0,0,0
2,1,1,0,0,0
20,3,17,0,0,0
20,2,18,0,0,0
3,1,2,0,0,0
9,6,3,0,0,0
20,0,20,0,0,0
20,2,18,0,0,0
20,6,14,0,0,0
3,1,2,0,0,0
10,3,7,0,0,0
0,1,0,0,0,0
15,7,8,25,0,25
1,1,0,0,0,0
20,7,13,0,0,0
20,2,18,0,0,0
1,1,0,0,0,0
40,3,37,0,0,0
20,6,14,0,0,0
20,6,14,0,0,0
28,14,14,20,0,20
15,13,2,0,0,0
20,12,8,15,0,15
15,6,9,0,0,0
15,7,8,0,0,0
5,0,5,0,0,0
2,0,2,0,0,0
5,0,5,0,0,0
5,0,5,0,0,0
5,1,4,0,0,0
5,0,5,0,0,0
5,1,4,0,0,0
5,0,5,0,0,0
5,0,5,0,0,0
5,0,5,0,0,0
5,0,5,0,0,0
5,0,5,0,0,0
6,1,5,0,0,0
5,0,5,0,0,0
5,0,5,0,0,0
5,0,5,0,0,0
1,0,1,0,0,0
5,3,2,0,0,0
45,25,20,0,0,0
1,1,0,0,0,0
55,17,38,0,0,0
50,5,45,0,0,0
5,1,4,0,0,0
40,7,33,0,0,0
40,19,21,0,0,0
40,19,21,0,0,0
50,26,24,0,0,0
14,5,9,0,0,0
30,8,22,0,0,0
14,3,11,0,0,0
40,8,32,0,0,0
20,3,17,0,0,0
15,0,15,0,0,0
15,0,15,0,0,0
20,5,15,0,0,0
15,0,15,0,0,0
15,0,15,0,0,0
15,0,15,0,0,0
15,0,15,0,0,0
15,0,15,0,0,0
15,1,14,0,0,0
15,0,15,0,0,0
15,0,15,0,0,0
15,0,15,0,0,0
15,0,15,0,0,0
15,0,15,0,0,0
15,0,15,0,0,0
15,0,15,0,0,0
15,0,15,0,0,0
15,0,15,0,0,0
15,0,15,0,0,0
15,0,15,0,0,0
15,0,15,0,0,0
15,0,15,0,0,0
15,0,15,0,0,0
15,0,15,0,0,0
10,0,10,0,0,0
15,0,15,0,0,0
15,0,15,0,0,0
15,1,14,0,0,0
15,0,15,0,0,0
15,0,15,0,0,0
10,0,10,0,0,0
15,0,15,0,0,0
15,0,15,0,0,0
15,0,15,0,0,0
15,0,15,0,0,0
15,0,15,0,0,0
15,0,15,0,0,0
15,0,15,0,0,0
15,0,15,0,0,0
15,0,15,0,0,0
15,0,15,0,0,0
15,0,15,0,0,0
15,0,15,0,0,0
15,0,15,0,0,0
15,0,15,0,0,0
15,0,15,0,0,0
15,0,15,0,0,0
15,0,15,0,0,0
15,0,15,0,0,0
15,0,15,0,0,0
15,0,15,0,0,0
15,0,15,0,0,0
15,0,15,0,0,0
15,0,15,0,0,0
15,0,15,0,0,0
15,0,15,0,0,0
15,0,15,0,0,0
15,0,15,0,0,0
15,0,15,0,0,0
10,0,10,0,0,0
15,0,15,0,0,0
15,5,10,0,0,0
15,0,15,0,0,0
10,1,9,0,0,0
15,0,15,0,0,0
15,0,15,0,0,0
15,2,13,0,0,0
15,0,15,0,0,0
15,0,15,0,0,0
15,0,15,0,0,0
15,0,15,0,0,0
15,0,15,0,0,0
15,0,15,0,0,0
15,1,14,0,0,0
15,0,15,0,0,0
15,1,14,0,0,0
15,1,14,0,0,0
15,0,15,0,0,0
10,0,10,0,0,0
5,3,2,0,0,0
15,2,13,0,0,0
15,0,15,0,0,0
15,0,15,0,0,0
15,0,15,0,0,0
15,0,15,0,0,0
10,0,10,0,0,0
15,0,15,0,0,0
15,4,11,0,0,0
15,1,14,0,0,0
15,0,15,0,0,0
15,0,15,0,0,0
15,0,15,0,0,0
15,0,15,0,0,0
15,0,15,0,0,0
15,0,15,0,0,0
15,0,15,0,0,0
15,0,15,0,0,0
15,0,15,0,0,0
15,0,15,0,0,0
10,0,10,0,0,0
15,0,15,0,0,0
15,0,15,0,0,0
15,0,15,0,0,0
15,0,15,0,0,0
15,0,15,0,0,0
15,0,15,0,0,0
15,0,15,0,0,0
15,0,15,0,0,0
15,0,15,0,0,0
15,0,15,0,0,0
15,0,15,0,0,0
15,0,15,0,0,0
15,0,15,0,0,0
15,0,15,0,0,0
15,0,15,0,0,0
15,0,15,0,0,0
15,0,15,0,0,0
15,0,15,0,0,0
15,0,15,0,0,0
15,0,15,0,0,0
15,0,15,0,0,0
15,0,15,0,0,0
15,0,15,0,0,0
15,0,15,0,0,0
15,0,15,0,0,0
15,0,15,0,0,0
15,0,15,0,0,0
15,0,15,0,0,0
15,0,15,0,0,0
15,0,15,0,0,0
15,0,15,0,0,0
15,0,15,0,0,0
15,0,15,0,0,0
15,0,15,0,0,0
15,0,15,0,0,0
15,0,15,0,0,0
15,0,15,0,0,0
15,0,15,0,0,0
15,0,15,0,0,0
15,0,15,0,0,0
15,0,15,0,0,0
15,0,15,0,0,0
15,0,15,0,0,0
15,0,15,0,0,0
15,0,15,0,0,0
15,0,15,0,0,0
15,0,15,0,0,0
15,0,15,0,0,0
15,0,15,0,0,0
15,0,15,0,0,0
15,0,15,0,0,0
15,0,15,0,0,0
15,0,15,0,0,0
15,0,15,0,0,0
15,0,15,0,0,0
15,0,15,0,0,0
15,0,15,0,0,0
15,0,15,0,0,0
15,0,15,0,0,0
15,0,15,0,0,0
15,0,15,0,0,0
15,0,15,0,0,0
15,0,15,0,0,0
15,0,15,0,0,0
15,0,15,0,0,0
15,0,15,0,0,0
15,0,15,0,0,0
15,0,15,0,0,0
15,0,15,0,0,0
15,0,15,0,0,0
15,0,15,0,0,0
15,0,15,0,0,0
15,0,15,0,0,0
15,0,15,0,0,0
15,0,15,0,0,0
15,0,15,0,0,0
15,1,14,0,0,0
15,0,15,0,0,0
15,0,15,0,0,0
15,0,15,0,0,0
15,0,15,0,0,0
15,0,15,0,0,0
15,0,15,0,0,0
15,0,15,0,0,0
15,0,15,0,0,0
15,0,15,0,0,0
15,0,15,0,0,0
15,0,15,0,0,0
15,0,15,0,0,0
15,0,15,0,0,0
15,0,15,0,0,0
15,0,15,0,0,0
15,0,15,0,0,0
15,0,15,0,0,0
15,0,15,0,0,0
15,0,15,0,0,0
15,0,15,0,0,0
15,0,15,0,0,0
15,0,15,0,0,0
15,0,15,0,0,0
15,0,15,0,0,0
15,0,15,0,0,0
15,0,15,0,0,0
15,0,15,0,0,0
15,0,15,0,0,0
15,0,15,0,0,0
15,0,15,0,0,0
15,0,15,0,0,0
15,0,15,0,0,0
15,0,15,0,0,0
15,0,15,0,0,0
15,0,15,0,0,0
15,0,15,0,0,0
15,0,15,0,0,0
15,0,15,0,0,0
15,0,15,0,0,0
20,6,14,0,0,0
15,0,15,0,0,0
15,0,15,0,0,0
15,0,15,0,0,0
10,0,10,0,0,0
15,0,15,0,0,0
15,0,15,0,0,0
15,0,15,0,0,0
10,0,10,0,0,0
10,0,10,0,0,0
15,0,15,0,0,0
15,0,15,0,0,0
15,0,15,0,0,0
15,0,15,0,0,0
15,0,15,0,0,0
15,0,15,0,0,0
15,0,15,0,0,0
15,0,15,0,0,0
15,0,15,0,0,0
15,0,15,0,0,0
15,0,15,0,0,0
15,0,15,0,0,0
15,1,14,0,0,0
15,0,15,0,0,0
15,0,15,0,0,0
15,0,15,0,0,0
15,0,15,0,0,0
10,0,10,0,0,0
15,1,14,0,0,0
15,1,14,0,0,0
15,0,15,0,0,0
15,0,15,0,0,0
15,0,15,0,0,0
15,0,15,0,0,0
10,2,8,0,0,0
15,0,15,0,0,0
15,1,14,0,0,0
15,0,15,0,0,0
15,0,15,0,0,0
15,0,15,0,0,0
15,0,15,0,0,0
15,0,15,0,0,0
15,0,15,0,0,0
15,0,15,0,0,0
15,0,15,0,0,0
15,2,13,0,0,0
15,0,15,0,0,0
15,0,15,0,0,0
15,0,15,0,0,0
15,0,15,0,0,0
15,0,15,0,0,0
15,1,14,0,0,0
10,0,10,0,0,0
15,0,15,0,0,0
15,0,15,0,0,0
15,0,15,0,0,0
15,1,14,0,0,0
15,0,15,0,0,0
15,0,15,0,0,0
15,0,15,0,0,0
15,0,15,0,0,0
15,0,15,0,0,0
15,0,15,0,0,0
15,0,15,0,0,0
15,0,15,0,0,0
15,0,15,0,0,0
15,0,15,0,0,0
15,0,15,0,0,0
15,0,15,0,0,0
15,0,15,0,0,0
15,0,15,0,0,0
10,0,10,0,0,0
15,0,15,0,0,0
15,0,15,0,0,0
10,0,10,0,0,0
15,0,15,0,0,0
15,0,15,0,0,0
15,0,15,0,0,0
15,0,15,0,0,0
15,1,14,0,0,0
15,0,15,0,0,0
15,0,15,0,0,0
15,0,15,0,0,0
15,0,15,0,0,0
15,0,15,0,0,0
15,0,15,0,0,0
15,0,15,0,0,0
15,0,15,0,0,0
15,0,15,0,0,0
15,0,15,0,0,0
10,0,10,0,0,0
15,0,15,0,0,0
15,0,15,0,0,0
15,0,15,0,0,0
15,0,15,0,0,0
15,0,15,0,0,0
15,0,15,0,0,0
15,0,15,0,0,0
15,0,15,0,0,0
10,0,10,0,0,0
15,0,15,0,0,0
15,0,15,0,0,0
15,0,15,0,0,0
15,0,15,0,0,0
15,0,15,0,0,0
15,0,15,0,0,0
15,0,15,0,0,0
15,0,15,0,0,0
15,0,15,0,0,0
15,0,15,0,0,0
15,0,15,0,0,0
15,0,15,0,0,0
15,0,15,0,0,0
15,0,15,0,0,0
15,0,15,0,0,0
15,0,15,0,0,0
10,0,10,0,0,0
15,0,15,0,0,0
15,1,14,0,0,0
15,0,15,0,0,0
15,0,15,0,0,0
15,0,15,0,0,0
15,0,15,0,0,0
15,0,15,0,0,0
15,0,15,0,0,0
15,0,15,0,0,0
15,0,15,0,0,0
15,0,15,0,0,0
15,0,15,0,0,0
15,0,15,0,0,0
10,0,10,0,0,0
15,0,15,0,0,0
15,0,15,0,0,0
15,0,15,0,0,0
15,0,15,0,0,0
10,0,10,0,0,0
15,0,15,0,0,0
15,0,15,0,0,0
15,0,15,0,0,0
15,1,14,0,0,0
15,0,15,0,0,0
15,0,15,0,0,0
15,0,15,0,0,0
15,0,15,0,0,0
15,0,15,0,0,0
15,0,15,0,0,0
15,0,15,0,0,0
15,0,15,0,0,0
15,0,15,0,0,0
15,0,15,0,0,0
15,0,15,0,0,0
15,0,15,0,0,0
15,0,15,0,0,0
15,0,15,0,0,0
10,0,10,0,0,0
15,0,15,0,0,0
15,0,15,0,0,0
15,0,15,0,0,0
15,0,15,0,0,0
15,0,15,0,0,0
15,0,15,0,0,0
15,1,14,0,0,0
10,0,10,0,0,0
15,0,15,0,0,0
15,1,14,0,0,0
15,0,15,0,0,0
15,1,14,0,0,0
15,0,15,0,0,0
15,0,15,0,0,0
15,0,15,0,0,0
15,0,15,0,0,0
15,0,15,0,0,0
15,0,15,0,0,0
15,0,15,0,0,0
15,0,15,0,0,0
15,0,15,0,0,0
15,0,15,0,0,0
10,0,10,0,0,0
15,0,15,0,0,0
15,0,15,0,0,0
15,0,15,0,0,0
15,0,15,0,0,0
15,0,15,0,0,0
15,0,15,0,0,0
15,0,15,0,0,0
15,0,15,0,0,0
15,0,15,0,0,0
15,0,15,0,0,0
15,0,15,0,0,0
15,0,15,0,0,0
15,0,15,0,0,0
15,0,15,0,0,0
15,0,15,0,0,0
10,0,10,0,0,0
15,0,15,0,0,0
15,0,15,0,0,0
15,0,15,0,0,0
10,0,10,0,0,0
15,0,15,0,0,0
15,0,15,0,0,0
15,1,14,0,0,0
15,0,15,0,0,0
15,0,15,0,0,0
15,0,15,0,0,0
15,0,15,0,0,0
15,0,15,0,0,0
15,0,15,0,0,0
15,0,15,0,0,0
15,0,15,0,0,0
15,0,15,0,0,0
15,0,15,0,0,0
15,0,15,0,0,0
15,0,15,0,0,0
15,0,15,0,0,0
15,0,15,0,0,0
15,0,15,0,0,0
15,0,15,0,0,0
10,0,10,0,0,0
15,0,15,0,0,0
15,0,15,0,0,0
15,0,15,0,0,0
15,0,15,0,0,0
15,0,15,0,0,0
15,0,15,0,0,0
10,0,10,0,0,0
15,0,15,0,0,0
15,0,15,0,0,0
15,0,15,0,0,0
15,0,15,0,0,0
15,0,15,0,0,0
15,0,15,0,0,0
15,0,15,0,0,0
15,0,15,0,0,0
15,0,15,0,0,0
15,0,15,0,0,0
15,0,15,0,0,0
15,0,15,0,0,0
15,0,15,0,0,0
10,0,10,0,0,0
15,0,15,0,0,0
15,0,15,0,0,0
15,0,15,0,0,0
15,0,15,0,0,0
15,0,15,0,0,0
15,0,15,0,0,0
15,0,15,0,0,0
15,0,15,0,0,0
15,0,15,0,0,0
15,0,15,0,0,0
15,0,15,0,0,0
15,1,14,0,0,0
15,1,14,0,0,0
15,3,12,0,0,0
15,0,15,0,0,0
15,3,12,0,0,0
10,1,9,0,0,0
15,2,13,0,0,0
15,7,8,0,0,0
15,4,11,0,0,0
10,3,7,0,0,0
15,1,14,0,0,0
15,4,11,0,0,0
15,1,14,0,0,0
15,0,15,0,0,0
15,1,14,0,0,0
15,0,15,0,0,0
15,9,6,0,0,0
15,4,11,0,0,0
15,0,15,0,0,0
15,4,11,0,0,0
15,5,10,0,0,0
15,0,15,0,0,0
15,2,13,0,0,0
15,0,15,0,0,0
15,0,15,0,0,0
15,5,10,0,0,0
15,3,12,0,0,0
10,0,10,0,0,0
15,1,14,0,0,0
15,0,15,0,0,0
15,4,11,0,0,0
15,2,13,0,0,0
15,6,9,0,0,0
15,1,14,0,0,0
15,2,13,0,0,0
10,4,6,0,0,0
15,3,12,0,0,0
15,0,15,0,0,0
15,2,13,0,0,0
10,2,8,0,0,0
15,0,15,0,0,0
15,3,12,0,0,0
15,0,15,0,0,0
15,0,15,0,0,0
15,1,14,0,0,0
15,7,8,0,0,0
15,0,15,0,0,0
15,0,15,0,0,0
15,0,15,0,0,0
15,0,15,0,0,0
15,0,15,0,0,0
15,5,10,0,0,0
15,3,12,0,0,0
15,2,13,0,0,0
10,0,10,0,0,0
15,3,12,0,0,0
15,3,12,0,0,0
15,3,12,0,0,0
15,1,14,0,0,0
15,2,13,0,0,0
15,2,13,0,0,0
15,4,11,0,0,0
15,0,15,0,0,0
15,0,15,0,0,0
15,2,13,0,0,0
15,1,14,0,0,0
15,1,14,0,0,0
10,0,10,0,0,0
5,0,5,0,0,0
2,0,2,0,0,0
10,0,10,0,0,0
10,0,10,0,0,0
5,0,5,0,0,0
1,0,1,0,0,0
1,0,1,0,0,0
4,0,4,0,0,0
5,0,5,0,0,0
10,0,10,0,0,0
1,0,1,0,0,0
5,0,5,0,0,0
5,0,5,0,0,0
3,0,3,0,0,0
5,0,5,0,0,0
1,0,1,0,0,0
1,0,1,0,0,0
1,0,1,0,0,0
5,0,5,0,0,0
5,0,5,0,0,0
5,0,5,0,0,0
2,0,2,0,0,0
70,22,48,0,0,0
35,35,0,0,0,0
10,3,7,5,0,5
40,12,28,0,0,0
50,42,8,150,0,150
20,14,6,5,0,5
50,27,23,0,0,0
60,12,48,0,0,0
50,35,15,0,0,0
35,34,1,150,0,150
10,1,9,0,0,0
45,20,25,0,0,0
1,1,0,0,0,0
300,170,130,50,0,50
300,85,215,999,0,999
25,19,6,0,0,0
10,0,10,0,0,0
175,153,22,50,0,50
10,0,10,0,0,0
10,0,10,0,0,0
10,0,10,0,0,0
10,1,9,0,0,0
10,0,10,0,0,0
10,0,10,0,0,0
10,0,10,0,0,0
15,0,15,0,0,0
10,0,10,0,0,0
10,0,10,0,0,0
15,0,15,0,0,0
10,0,10,0,0,0
10,0,10,0,0,0
5,0,5,0,0,0
15,0,15,0,0,0
10,1,9,0,0,0
15,0,15,0,0,0
5,0,5,0,0,0
10,1,9,0,0,0
10,0,10,0,0,0
10,0,10,0,0,0
10,0,10,0,0,0
5,0,5,0,0,0
10,2,8,0,0,0
10,0,10,0,0,0
10,1,9,0,0,0
10,0,10,0,0,0
10,0,10,0,0,0
10,0,10,0,0,0
10,0,10,0,0,0
10,2,8,0,0,0
10,0,10,0,0,0
10,0,10,0,0,0
10,1,9,0,0,0
10,3,7,0,0,0
5,0,5,0,0,0
5,0,5,0,0,0
5,0,5,0,0,0
10,0,10,0,0,0
10,0,10,0,0,0
10,0,10,0,0,0
10,0,10,0,0,0
10,3,7,0,0,0
10,1,9,0,0,0
10,1,9,0,0,0
5,0,5,0,0,0
5,0,5,0,0,0
10,0,10,0,0,0
10,0,10,0,0,0
10,0,10,0,0,0
10,0,10,0,0,0
10,0,10,0,0,0
10,0,10,0,0,0
10,0,10,0,0,0
10,0,10,0,0,0
10,1,9,0,0,0
10,0,10,0,0,0
5,0,5,0,0,0
10,0,10,0,0,0
10,0,10,0,0,0
10,0,10,0,0,0
10,0,10,0,0,0
10,1,9,0,0,0
15,0,15,0,0,0
10,2,8,0,0,0
10,0,10,0,0,0
5,0,5,0,0,0
5,0,5,0,0,0
10,1,9,0,0,0
10,0,10,0,0,0
10,3,7,0,0,0
10,0,10,0,0,0
5,0,5,0,0,0
10,0,10,0,0,0
10,1,9,0,0,0
10,0,10,0,0,0
10,0,10,0,0,0
10,1,9,0,0,0
10,0,10,0,0,0
10,2,8,0,0,0
5,0,5,0,0,0
10,1,9,0,0,0
10,0,10,0,0,0
15,0,15,0,0,0
10,0,10,0,0,0
10,0,10,0,0,0
10,0,10,0,0,0
10,0,10,0,0,0
10,0,10,0,0,0
10,1,9,0,0,0
6,1,5,0,0,0
100,76,24,20,0,20
5,1,4,5,0,5
84,84,0,20,0,20
80,62,18,0,0,0
5,0,5,0,0,0
75,57,18,0,0,0
100,55,45,0,0,0
80,61,19,0,0,0
100,52,48,20,0,20
5,0,5,5,0,5
60,27,33,0,0,0
5,0,5,0,0,0
100,48,52,0,0,0
60,26,34,0,0,0
100,69,31,0,0,0
100,84,16,0,0,0
20,0,20,0,0,0
75,54,21,0,0,0
100,50,50,20,0,20
100,47,53,0,0,0
5,0,5,5,0,5
100,100,0,20,0,20
100,91,9,20,0,20
100,88,12,0,0,0
5,0,5,0,0,0
50,50,0,20,0,20
100,74,26,0,0,0
50,33,17,20,0,20
50,47,3,0,0,0
5,0,5,5,0,5
50,42,8,0,0,0
50,27,23,0,0,0
50,41,9,0,0,0
5,0,5,0,0,0
100,92,8,50,0,50
100,75,25,0,0,0
75,72,3,20,0,20
75,72,3,0,0,0
75,67,8,0,0,0
5,0,5,5,0,5
5,0,5,0,0,0
100,66,34,20,0,20
75,67,8,20,0,20
50,42,8,20,0,20
50,24,26,20,0,20
5,1,4,5,0,5
5,3,2,5,0,5
5,3,2,5,0,5
125,97,28,25,0,25
50,28,22,0,0,0
5,2,3,5,0,5
5,1,4,0,0,0
15,0,15,0,0,0
10,0,10,0,0,0
10,0,10,0,0,0
10,1,9,0,0,0
10,0,10,0,0,0
50,37,13,20,0,20
10,0,10,0,0,0
50,30,20,0,0,0
10,0,10,0,0,0
10,0,10,0,0,0
15,0,15,0,0,0
15,0,15,0,0,0
5,0,5,0,0,0
10,0,10,0,0,0
15,0,15,0,0,0
10,3,7,0,0,0
10,0,10,0,0,0
10,0,10,0,0,0
10,0,10,0,0,0
10,0,10,0,0,0
15,0,15,0,0,0
10,0,10,0,0,0
10,0,10,0,0,0
15,0,15,0,0,0
10,0,10,0,0,0
10,0,10,0,0,0
40,23,17,20,0,20
40,32,8,0,0,0
50,5,45,20,0,20
10,0,10,0,0,0
25,12,13,10,0,10
25,5,20,10,0,10
12,11,1,20,0,20
12,11,1,0,0,0
75,8,67,50,0,50
56,38,18,20,0,20
50,9,41,0,0,0
150,62,88,20,0,20
10,11,0,10,0,10
30,23,7,25,0,25
50,43,7,20,0,20
63,59,4,0,0,0
50,24,26,20,0,20
0,0,0,0,0,0
0,0,0,0,0,0
30,5,25,25,0,25
50,40,10,20,0,20
60,53,7,25,0,25
60,25,35,20,0,20
15,0,15,0,0,0
10,0,10,0,0,0
0,5,0,0,0,0
10,0,10,0,0,0
10,0,10,0,0,0
15,0,15,0,0,0
10,1,9,0,0,0
15,0,15,0,0,0
10,0,10,0,0,0
10,0,10,0,0,0
10,1,9,0,0,0
15,0,15,0,0,0
10,2,8,0,0,0
15,0,15,0,0,0
15,0,15,0,0,0
15,0,15,0,0,0
15,0,15,0,0,0
10,0,10,0,0,0
15,0,15,0,0,0
10,0,10,0,0,0
10,1,9,0,0,0
10,0,10,0,0,0
10,1,9,0,0,0
15,2,13,0,0,0
15,0,15,0,0,0
15,0,15,0,0,0
15,0,15,0,0,0
15,0,15,0,0,0
15,0,15,0,0,0
15,0,15,0,0,0
10,0,10,0,0,0
15,0,15,0,0,0
15,0,15,0,0,0
10,0,10,0,0,0
15,1,14,0,0,0
15,0,15,0,0,0
15,0,15,0,0,0
10,1,9,0,0,0
15,0,15,0,0,0
15,1,14,0,0,0
10,0,10,0,0,0
10,0,10,0,0,0
10,0,10,0,0,0
10,0,10,0,0,0
15,0,15,0,0,0
15,0,15,0,0,0
15,0,15,0,0,0
10,0,10,0,0,0
15,0,15,0,0,0
15,0,15,0,0,0
10,0,10,0,0,0
15,0,15,0,0,0
15,0,15,0,0,0
15,0,15,0,0,0
10,0,10,0,0,0
15,0,15,0,0,0
10,0,10,0,0,0
15,0,15,0,0,0
10,0,10,0,0,0
10,0,10,0,0,0
15,1,14,0,0,0
10,0,10,0,0,0
15,0,15,0,0,0
10,0,10,0,0,0
10,0,10,0,0,0
15,0,15,0,0,0
15,0,15,0,0,0
15,0,15,0,0,0
15,0,15,0,0,0
15,0,15,0,0,0
15,0,15,0,0,0
10,0,10,0,0,0
15,0,15,0,0,0
15,0,15,0,0,0
15,0,15,0,0,0
15,0,15,0,0,0
15,0,15,0,0,0
15,0,15,0,0,0
10,0,10,0,0,0
10,2,8,0,0,0
15,0,15,0,0,0
10,0,10,0,0,0
10,0,10,0,0,0
10,0,10,0,0,0
10,0,10,0,0,0
36,31,5,25,0,25
15,0,15,0,0,0
11,10,1,20,0,20
15,4,11,0,0,0
0,1,0,0,0,0
0,1,0,0,0,0
15,4,11,0,0,0
10,9,1,0,0,0
200,134,66,50,0,50
10,10,0,0,0,0
10,10,0,0,0,0
10,9,1,0,0,0
10,9,1,0,0,0
10,7,3,0,0,0
10,9,1,0,0,0
10,8,2,0,0,0
10,11,0,0,0,0
10,10,0,0,0,0
10,8,2,0,0,0
10,9,1,0,0,0
11,9,2,0,0,0
10,8,2,0,0,0
10,8,2,0,0,0
10,1,9,0,0,0
10,0,10,0,0,0
15,0,15,0,0,0
15,0,15,0,0,0
15,0,15,0,0,0
15,0,15,0,0,0
10,1,9,0,0,0
10,1,9,0,0,0
10,0,10,0,0,0
10,0,10,0,0,0
10,0,10,0,0,0
10,0,10,0,0,0
10,0,10,0,0,0
15,0,15,0,0,0
15,0,15,0,0,0
10,0,10,0,0,0
10,0,10,0,0,0
10,0,10,0,0,0
10,1,9,0,0,0
10,0,10,0,0,0
10,1,9,0,0,0
700,255,445,999,0,999
300,43,257,50,0,50
750,313,437,999,0,999
75,57,18,50,0,50
100,49,51,999,0,999
30,30,0,0,0,0
700,684,16,300,0,300
75,60,15,50,0,50
200,50,150,999,0,999
100,49,51,50,0,50
50,19,31,50,0,50
100,47,53,50,0,50
100,92,8,999,0,999
100,44,56,999,0,999
300,141,159,999,0,999
500,494,6,999,0,999
650,428,222,999,0,999
50,21,29,50,0,50
400,197,203,999,0,999
75,59,16,50,0,50
450,147,303,400,0,400
25,6,19,50,0,50
50,13,37,0,0,0
150,146,4,999,0,999
30,24,6,25,0,25
513,504,9,999,0,999
800,524,276,999,0,999
300,296,4,999,0,999
10,6,4,0,0,0
15,14,1,0,0,0
50,14,36,50,0,50
100,20,80,50,0,50
100,8,92,50,0,50
30,0,30,0,0,0
10,1,9,0,0,0
10,0,10,0,0,0
10,0,10,0,0,0
10,0,10,0,0,0
10,0,10,0,0,0
10,0,10,0,0,0
10,1,9,0,0,0
10,0,10,0,0,0
10,0,10,0,0,0
10,1,9,0,0,0
10,0,10,0,0,0
10,0,10,0,0,0
10,0,10,0,0,0
10,0,10,0,0,0
5,0,5,0,0,0
10,1,9,0,0,0
10,0,10,0,0,0
5,0,5,0,0,0
10,0,10,0,0,0
10,0,10,0,0,0
5,0,5,0,0,0
10,0,10,0,0,0
10,0,10,0,0,0
10,0,10,0,0,0
10,0,10,0,0,0
10,0,10,0,0,0
5,0,5,0,0,0
10,1,9,0,0,0
10,2,8,0,0,0
10,0,10,0,0,0
10,0,10,0,0,0
10,0,10,0,0,0
10,0,10,0,0,0
15,0,15,0,0,0
10,0,10,0,0,0
10,0,10,0,0,0
10,0,10,0,0,0
10,0,10,0,0,0
10,0,10,0,0,0
10,0,10,0,0,0
5,0,5,0,0,0
10,1,9,0,0,0
10,0,10,0,0,0
10,0,10,0,0,0
15,0,15,0,0,0
10,0,10,0,0,0
10,0,10,0,0,0
10,0,10,0,0,0
10,0,10,0,0,0
10,0,10,0,0,0
10,0,10,0,0,0
10,0,10,0,0,0
10,0,10,0,0,0
10,0,10,0,0,0
10,0,10,0,0,0
10,0,10,0,0,0
10,0,10,0,0,0
10,2,8,0,0,0
10,0,10,0,0,0
5,0,5,0,0,0
10,0,10,0,0,0
15,0,15,0,0,0
10,0,10,0,0,0
10,0,10,0,0,0
10,2,8,0,0,0
10,1,9,0,0,0
10,0,10,0,0,0
10,0,10,0,0,0
10,0,10,0,0,0
10,0,10,0,0,0
10,0,10,0,0,0
10,0,10,0,0,0
15,0,15,0,0,0
10,1,9,0,0,0
10,0,10,0,0,0
15,0,15,0,0,0
15,0,15,0,0,0
15,0,15,0,0,0
10,0,10,0,0,0
10,0,10,0,0,0
10,0,10,0,0,0
15,0,15,0,0,0
10,0,10,0,0,0
10,1,9,0,0,0
10,0,10,0,0,0
10,0,10,0,0,0
5,0,5,0,0,0
10,0,10,0,0,0
150,135,15,999,0,999
10,0,10,0,0,0
21,17,4,10,0,10
18,18,0,10,0,10
100,99,1,999,0,999
700,444,256,999,0,999
50,48,2,50,0,50
500,287,213,999,0,999
100,52,48,50,0,50
550,537,13,999,0,999
50,49,1,50,0,50
950,923,27,999,0,999
1,0,1,0,0,0
150,140,10,50,0,50
100,20,80,999,0,999
15,0,15,0,0,0
15,0,15,0,0,0
15,0,15,0,0,0
15,0,15,0,0,0
75,58,17,50,0,50
15,0,15,0,0,0
15,0,15,0,0,0
10,0,10,0,0,0
15,0,15,0,0,0
15,0,15,0,0,0
5,0,5,0,0,0
15,0,15,0,0,0
15,0,15,0,0,0
15,0,15,0,0,0
15,0,15,0,0,0
5,0,5,0,0,0
15,0,15,0,0,0
15,0,15,0,0,0
10,0,10,0,0,0
15,0,15,0,0,0
10,0,10,0,0,0
15,0,15,0,0,0
15,0,15,0,0,0
15,0,15,0,0,0
15,0,15,0,0,0
15,0,15,0,0,0
15,0,15,0,0,0
1,0,1,0,0,0
15,0,15,0,0,0
5,0,5,0,0,0
15,0,15,0,0,0
15,0,15,0,0,0
5,0,5,0,0,0
15,0,15,0,0,0
15,0,15,0,0,0
15,0,15,0,0,0
15,0,15,0,0,0
5,0,5,0,0,0
15,0,15,0,0,0
15,0,15,0,0,0
15,0,15,0,0,0
15,0,15,0,0,0
15,0,15,0,0,0
5,0,5,0,0,0
10,0,10,0,0,0
10,0,10,0,0,0
10,0,10,0,0,0
15,0,15,0,0,0
15,0,15,0,0,0
5,0,5,0,0,0
15,0,15,0,0,0
15,0,15,0,0,0
15,3,12,0,0,0
5,0,5,0,0,0
10,0,10,0,0,0
10,0,10,0,0,0
15,0,15,0,0,0
15,0,15,0,0,0
15,0,15,0,0,0
15,0,15,0,0,0
10,0,10,0,0,0
15,1,14,0,0,0
10,0,10,0,0,0
15,1,14,0,0,0
15,0,15,0,0,0
10,0,10,0,0,0
10,0,10,0,0,0
10,0,10,0,0,0
10,0,10,0,0,0
10,1,9,0,0,0
10,0,10,0,0,0
10,6,4,0,0,0
15,0,15,0,0,0
15,0,15,0,0,0
15,0,15,0,0,0
15,1,14,0,0,0
15,0,15,0,0,0
15,0,15,0,0,0
15,0,15,0,0,0
5,0,5,0,0,0
15,0,15,0,0,0
10,4,6,0,0,0
10,0,10,0,0,0
10,0,10,0,0,0
10,0,10,0,0,0
10,0,10,0,0,0
10,1,9,0,0,0
10,0,10,0,0,0
10,1,9,0,0,0
15,0,15,0,0,0
15,1,14,0,0,0
15,0,15,0,0,0
10,3,7,0,0,0
10,0,10,0,0,0
10,0,10,0,0,0
10,1,9,0,0,0
15,0,15,0,0,0
15,2,13,0,0,0
15,0,15,0,0,0
10,0,10,0,0,0
10,1,9,0,0,0
15,0,15,0,0,0
15,0,15,0,0,0
15,1,14,0,0,0
15,0,15,0,0,0
15,0,15,0,0,0
15,0,15,0,0,0
15,0,15,0,0,0
10,0,10,0,0,0
10,0,10,0,0,0
15,0,15,0,0,0
5,0,5,0,0,0
10,0,10,0,0,0
15,0,15,0,0,0
15,0,15,0,0,0
15,0,15,0,0,0
15,0,15,0,0,0
15,0,15,0,0,0
10,0,10,0,0,0
10,0,10,0,0,0
10,0,10,0,0,0
15,0,15,0,0,0
15,0,15,0,0,0
15,0,15,0,0,0
15,0,15,0,0,0
15,1,14,0,0,0
10,1,9,0,0,0
10,0,10,0,0,0
15,1,14,0,0,0
15,0,15,0,0,0
10,0,10,0,0,0
10,0,10,0,0,0
15,0,15,0,0,0
10,0,10,0,0,0
10,0,10,0,0,0
10,0,10,0,0,0
15,0,15,0,0,0
15,0,15,0,0,0
15,0,15,0,0,0
15,0,15,0,0,0
10,0,10,0,0,0
10,0,10,0,0,0
15,4,11,0,0,0
10,1,9,0,0,0
15,0,15,0,0,0
15,0,15,0,0,0
5,0,5,0,0,0
10,0,10,0,0,0
10,0,10,0,0,0
10,0,10,0,0,0
10,1,9,0,0,0
15,0,15,0,0,0
10,0,10,0,0,0
10,0,10,0,0,0
60,38,22,0,0,0
10,0,10,0,0,0
10,0,10,0,0,0
150,45,105,0,0,0
10,3,7,0,0,0
5,0,5,0,0,0
10,0,10,0,0,0
5,0,5,0,0,0
10,0,10,0,0,0
10,0,10,0,0,0
10,0,10,0,0,0
5,0,5,0,0,0
10,0,10,0,0,0
10,3,7,0,0,0
10,0,10,0,0,0
10,0,10,0,0,0
10,0,10,0,0,0
10,0,10,0,0,0
10,1,9,0,0,0
10,0,10,0,0,0
10,0,10,0,0,0
10,0,10,0,0,0
10,0,10,0,0,0
15,0,15,0,0,0
5,0,5,0,0,0
10,0,10,0,0,0
5,0,5,0,0,0
10,3,7,0,0,0
10,0,10,0,0,0
10,0,10,0,0,0
5,2,3,0,0,0
10,1,9,0,0,0
10,0,10,0,0,0
10,0,10,0,0,0
10,0,10,0,0,0
10,1,9,0,0,0
5,1,4,0,0,0
10,0,10,0,0,0
10,0,10,0,0,0
10,0,10,0,0,0
10,0,10,0,0,0
10,0,10,0,0,0
10,0,10,0,0,0
5,0,5,0,0,0
10,0,10,0,0,0
10,0,10,0,0,0
10,0,10,0,0,0
5,0,5,0,0,0
10,0,10,0,0,0
10,3,7,0,0,0
10,0,10,0,0,0
10,1,9,0,0,0
5,0,5,0,0,0
10,1,9,0,0,0
10,0,10,0,0,0
10,1,9,0,0,0
10,1,9,0,0,0
10,2,8,0,0,0
10,0,10,0,0,0
10,0,10,0,0,0
10,0,10,0,0,0
5,2,3,0,0,0
10,0,10,0,0,0
10,6,4,0,0,0
10,1,9,0,0,0
10,0,10,0,0,0
5,0,5,0,0,0
10,1,9,0,0,0
5,2,3,0,0,0
10,0,10,0,0,0
10,0,10,0,0,0
5,0,5,0,0,0
5,0,5,0,0,0
10,0,10,0,0,0
10,1,9,0,0,0
10,0,10,0,0,0
10,0,10,0,0,0
10,0,10,0,0,0
10,1,9,0,0,0
10,0,10,0,0,0
10,0,10,0,0,0
5,2,3,0,0,0
5,0,5,0,0,0
10,0,10,0,0,0
10,0,10,0,0,0
10,0,10,0,0,0
10,0,10,0,0,0
10,1,9,0,0,0
10,1,9,0,0,0
10,1,9,0,0,0
5,2,3,0,0,0
10,0,10,0,0,0
10,3,7,0,0,0
10,1,9,0,0,0
10,2,8,0,0,0
10,1,9,0,0,0
10,0,10,0,0,0
5,1,4,0,0,0
10,0,10,0,0,0
5,0,5,0,0,0
10,1,9,0,0,0
15,0,15,0,0,0
10,1,9,0,0,0
5,0,5,0,0,0
5,0,5,0,0,0
10,0,10,0,0,0
10,0,10,0,0,0
10,1,9,0,0,0
10,0,10,0,0,0
10,0,10,0,0,0
10,0,10,0,0,0
10,0,10,0,0,0
10,0,10,0,0,0
10,1,9,0,0,0
10,2,8,0,0,0
10,0,10,0,0,0
15,0,15,0,0,0
15,0,15,0,0,0
15,3,12,0,0,0
15,0,15,0,0,0
10,1,9,0,0,0
10,0,10,0,0,0
10,2,8,0,0,0
10,2,8,0,0,0
10,2,8,0,0,0
15,0,15,0,0,0
15,0,15,0,0,0
15,1,14,0,0,0
15,1,14,0,0,0
15,0,15,0,0,0
15,0,15,0,0,0
5,0,5,0,0,0
10,0,10,0,0,0
10,0,10,0,0,0
10,1,9,0,0,0
15,0,15,0,0,0
15,1,14,0,0,0
10,0,10,0,0,0
10,0,10,0,0,0
15,1,14,0,0,0
15,0,15,0,0,0
10,1,9,0,0,0
15,0,15,0,0,0
10,3,7,0,0,0
10,0,10,0,0,0
10,1,9,0,0,0
15,1,14,0,0,0
10,1,9,0,0,0
15,0,15,0,0,0
10,0,10,0,0,0
10,2,8,0,0,0
10,1,9,0,0,0
10,0,10,0,0,0
15,0,15,0,0,0
15,0,15,0,0,0
10,0,10,0,0,0
15,0,15,0,0,0
15,0,15,0,0,0
15,0,15,0,0,0
10,3,7,0,0,0
10,0,10,0,0,0
10,2,8,0,0,0
10,0,10,0,0,0
15,0,15,0,0,0
10,1,9,0,0,0
5,1,4,0,0,0
10,0,10,0,0,0
10,1,9,0,0,0
15,2,13,0,0,0
15,0,15,0,0,0
15,0,15,0,0,0
10,1,9,0,0,0
10,0,10,0,0,0
10,0,10,0,0,0
10,0,10,0,0,0
15,0,15,0,0,0
15,6,9,0,0,0
15,0,15,0,0,0
15,0,15,0,0,0
15,0,15,0,0,0
5,0,5,0,0,0
10,0,10,0,0,0
15,0,15,0,0,0
15,0,15,0,0,0
15,0,15,0,0,0
15,0,15,0,0,0
10,1,9,0,0,0
10,0,10,0,0,0
10,0,10,0,0,0
10,0,10,0,0,0
15,1,14,0,0,0
15,1,14,0,0,0
15,0,15,0,0,0
15,0,15,0,0,0
15,1,14,0,0,0
10,0,10,0,0,0
10,0,10,0,0,0
10,0,10,0,0,0
10,0,10,0,0,0
10,1,9,0,0,0
10,2,8,0,0,0
15,0,15,0,0,0
10,0,10,0,0,0
10,1,9,0,0,0
15,4,11,0,0,0
15,0,15,0,0,0
15,0,15,0,0,0
15,0,15,0,0,0
15,1,14,0,0,0
5,4,1,0,0,0
15,3,12,0,0,0
15,1,14,0,0,0
15,0,15,0,0,0
15,0,15,0,0,0
5,0,5,0,0,0
10,2,8,0,0,0
10,0,10,0,0,0
15,0,15,0,0,0
10,0,10,0,0,0
5,0,5,0,0,0
15,0,15,0,0,0
15,0,15,0,0,0
5,1,4,0,0,0
15,1,14,0,0,0
10,0,10,0,0,0
10,0,10,0,0,0
10,0,10,0,0,0
15,1,14,0,0,0
10,0,10,0,0,0
15,0,15,0,0,0
72,60,12,0,0,0
36,33,3,0,0,0
36,27,9,0,0,0
48,27,21,0,0,0
24,11,13,0,0,0
24,16,8,0,0,0
5,0,5,0,0,0
5,0,5,0,0,0
1,0,1,0,0,0
5,0,5,0,0,0
5,1,4,0,0,0
5,0,5,0,0,0
5,0,5,0,0,0
10,0,10,0,0,0
5,0,5,0,0,0
1,0,1,0,0,0
5,0,5,0,0,0
5,0,5,0,0,0
15,0,15,0,0,0
5,0,5,0,0,0
10,0,10,0,0,0
10,1,9,0,0,0
10,1,9,0,0,0
5,0,5,0,0,0
5,0,5,0,0,0
5,0,5,0,0,0
5,0,5,0,0,0
5,0,5,0,0,0
5,1,4,0,0,0
5,0,5,0,0,0
5,0,5,0,0,0
5,1,4,0,0,0
10,0,10,0,0,0
10,0,10,0,0,0
5,0,5,0,0,0
5,1,4,0,0,0
5,0,5,0,0,0
5,0,5,0,0,0
5,0,5,0,0,0
5,0,5,0,0,0
5,0,5,0,0,0
5,0,5,0,0,0
5,0,5,0,0,0
5,0,5,0,0,0
5,0,5,0,0,0
1,0,1,0,0,0
5,0,5,0,0,0
5,0,5,0,0,0
5,1,4,0,0,0
5,0,5,0,0,0
5,0,5,0,0,0
5,0,5,0,0,0
5,0,5,0,0,0
5,0,5,0,0,0
5,0,5,0,0,0
5,0,5,0,0,0
5,0,5,0,0,0
5,0,5,0,0,0
5,0,5,0,0,0
12,0,12,0,0,0
10,0,10,0,0,0
10,0,10,0,0,0
5,1,4,0,0,0
10,0,10,0,0,0
5,0,5,0,0,0
12,0,12,0,0,0
5,1,4,0,0,0
12,0,12,0,0,0
10,0,10,0,0,0
10,0,10,0,0,0
12,0,12,0,0,0
12,0,12,0,0,0
12,0,12,0,0,0
5,0,5,0,0,0
5,0,5,0,0,0
12,0,12,0,0,0
5,0,5,0,0,0
5,0,5,0,0,0
12,0,12,0,0,0
10,0,10,0,0,0
5,0,5,0,0,0
10,0,10,0,0,0
1,1,0,0,0,0
5,0,5,0,0,0
10,0,10,0,0,0
5,1,4,0,0,0
5,1,4,0,0,0
5,2,3,0,0,0
10,8,2,0,0,0
5,0,5,0,0,0
5,1,4,0,0,0
10,5,5,0,0,0
5,1,4,0,0,0
5,0,5,0,0,0
5,3,2,0,0,0
5,0,5,0,0,0
5,1,4,0,0,0
5,2,3,0,0,0
5,1,4,0,0,0
10,0,10,0,0,0
5,2,3,0,0,0
10,3,7,0,0,0
10,4,6,0,0,0
10,0,10,0,0,0
5,0,5,0,0,0
5,2,3,0,0,0
12,0,12,0,0,0
12,2,10,0,0,0
12,1,11,0,0,0
12,2,10,0,0,0
12,1,11,0,0,0
5,0,5,0,0,0
12,2,10,0,0,0
12,0,12,0,0,0
12,3,9,0,0,0
12,4,8,0,0,0
0,1,0,0,0,0
50,10,40,0,0,0
50,0,50,0,0,0
50,18,32,0,0,0
50,18,32,0,0,0
15,3,12,0,0,0
100,24,76,0,0,0
50,26,24,0,0,0
55,47,8,0,0,0
75,21,54,0,0,0
31,15,16,0,0,0
30,6,24,0,0,0
82,81,1,0,0,0
38,20,18,0,0,0
65,25,40,0,0,0
0,0,0,0,0,0
25,6,19,0,0,0
35,24,11,0,0,0
0,1,0,0,0,0
15,3,12,0,0,0
25,17,8,0,0,0
25,14,11,0,0,0
15,1,14,0,0,0
35,17,18,0,0,0
0,0,0,0,0,0
50,7,43,0,0,0
35,13,22,0,0,0
1,1,0,0,0,0
1,0,1,0,0,0
1,0,1,0,0,0
5,0,5,0,0,0
5,0,5,0,0,0
10,2,8,0,0,0
10,0,10,0,0,0
10,1,9,0,0,0
10,0,10,0,0,0
10,0,10,0,0,0
1,0,1,0,0,0
10,0,10,0,0,0
20,3,17,0,0,0
10,0,10,0,0,0
10,0,10,0,0,0
10,0,10,0,0,0
10,0,10,0,0,0
10,0,10,0,0,0
10,0,10,0,0,0
10,0,10,0,0,0
10,0,10,0,0,0
10,0,10,0,0,0
10,0,10,0,0,0
5,0,5,0,0,0
10,0,10,0,0,0
10,0,10,0,0,0
10,0,10,0,0,0
10,0,10,0,0,0
10,0,10,0,0,0
10,0,10,0,0,0
10,0,10,0,0,0
15,1,14,0,0,0
15,9,6,0,0,0
25,15,10,0,0,0
10,0,10,0,0,0
10,0,10,0,0,0
10,0,10,0,0,0
10,0,10,0,0,0
10,0,10,0,0,0
10,0,10,0,0,0
10,0,10,0,0,0
10,0,10,0,0,0
10,0,10,0,0,0
10,0,10,0,0,0
10,0,10,0,0,0
10,0,10,0,0,0
10,0,10,0,0,0
10,0,10,0,0,0
10,0,10,0,0,0
10,0,10,0,0,0
5,1,4,0,0,0
5,3,2,0,0,0
2,0,2,0,0,0
15,0,15,0,0,0
15,0,15,0,0,0
10,0,10,0,0,0
15,0,15,0,0,0
15,0,15,0,0,0
10,0,10,0,0,0
10,0,10,0,0,0
15,0,15,0,0,0
15,0,15,0,0,0
10,0,10,0,0,0
15,0,15,0,0,0
15,0,15,0,0,0
15,0,15,0,0,0
5,0,5,0,0,0
10,0,10,0,0,0
15,0,15,0,0,0
15,0,15,0,0,0
15,0,15,0,0,0
15,0,15,0,0,0
15,0,15,0,0,0
15,0,15,0,0,0
15,0,15,0,0,0
15,0,15,0,0,0
15,0,15,0,0,0
10,0,10,0,0,0
15,0,15,0,0,0
15,0,15,0,0,0
15,0,15,0,0,0
15,0,15,0,0,0
15,0,15,0,0,0
15,0,15,0,0,0
15,0,15,0,0,0
15,0,15,0,0,0
15,0,15,0,0,0
15,0,15,0,0,0
15,0,15,0,0,0
15,0,15,0,0,0
15,0,15,0,0,0
10,0,10,0,0,0
2,0,2,0,0,0
10,0,10,0,0,0
10,0,10,0,0,0
4,1,3,0,0,0
10,0,10,0,0,0
3,1,2,0,0,0
10,0,10,0,0,0
10,3,7,0,0,0
5,0,5,0,0,0
10,1,9,0,0,0
20,5,15,0,0,0
5,1,4,0,0,0
10,0,10,0,0,0
15,1,14,0,0,0
10,1,9,0,0,0
10,2,8,0,0,0
50,42,8,5,0,5
100,75,25,0,0,0
18,11,7,0,0,0
32,31,1,0,0,0
50,8,42,0,0,0
50,8,42,0,0,0
41,32,9,0,0,0
27,20,7,0,0,0
33,24,9,0,0,0
50,26,24,0,0,0
33,28,5,0,0,0
50,26,24,0,0,0
50,18,32,0,0,0
45,22,23,0,0,0
50,18,32,0,0,0
10,0,10,0,0,0
10,0,10,0,0,0
10,0,10,0,0,0
5,0,5,0,0,0
10,0,10,0,0,0
10,0,10,0,0,0
5,0,5,0,0,0
10,1,9,0,0,0
10,0,10,0,0,0
5,0,5,0,0,0
10,0,10,0,0,0
50,0,50,0,0,0
10,0,10,0,0,0
10,0,10,0,0,0
10,0,10,0,0,0
10,0,10,0,0,0
10,0,10,0,0,0
0,0,0,0,0,0
10,0,10,0,0,0
10,0,10,0,0,0
10,0,10,0,0,0
10,0,10,0,0,0
10,0,10,0,0,0
50,30,20,0,0,0
100,17,83,0,0,0
45,12,33,10,0,10
50,13,37,0,0,0
45,13,32,0,0,0
35,25,10,2,0,2
20,15,5,0,0,0
10,10,0,0,0,0
10,5,5,0,0,0
45,22,23,20,0,20
30,25,5,0,0,0
30,25,5,0,0,0
45,22,23,0,0,0
30,25,5,0,0,0
48,21,27,0,0,0
32,17,15,0,0,0
30,10,20,0,0,0
50,17,33,0,0,0
50,15,35,0,0,0
50,24,26,0,0,0
250,56,194,0,0,0
70,45,25,0,0,0
70,45,25,25,0,25
50,20,30,0,0,0
27,22,5,0,0,0
27,12,15,0,0,0
27,23,4,0,0,0
10,3,7,0,0,0
36,14,22,0,0,0
36,14,22,10,0,10
10,0,10,0,0,0
10,0,10,0,0,0
10,0,10,0,0,0
15,0,15,0,0,0
10,0,10,0,0,0
10,0,10,0,0,0
10,0,10,0,0,0
10,0,10,0,0,0
10,0,10,0,0,0
10,0,10,0,0,0
10,0,10,0,0,0
10,0,10,0,0,0
5,0,5,0,0,0
10,0,10,0,0,0
10,2,8,0,0,0
10,0,10,0,0,0
10,0,10,0,0,0
10,0,10,0,0,0
10,0,10,0,0,0
10,0,10,0,0,0
10,0,10,0,0,0
10,0,10,0,0,0
10,0,10,0,0,0
10,0,10,0,0,0
10,0,10,0,0,0
10,0,10,0,0,0
10,0,10,0,0,0
10,0,10,0,0,0
10,0,10,0,0,0
10,0,10,0,0,0
10,0,10,0,0,0
10,0,10,0,0,0
10,0,10,0,0,0
10,1,9,0,0,0
5,1,4,0,0,0
10,0,10,0,0,0
10,0,10,0,0,0
10,0,10,0,0,0
10,0,10,0,0,0
10,0,10,0,0,0
10,0,10,0,0,0
10,0,10,0,0,0
15,0,15,0,0,0
10,0,10,0,0,0
10,0,10,0,0,0
10,0,10,0,0,0
10,0,10,0,0,0
10,4,6,0,0,0
10,4,6,0,0,0
35,11,24,0,0,0
24,3,21,5,0,5
8,1,7,0,0,0
8,2,6,0,0,0
8,0,8,0,0,0
24,9,15,0,0,0
12,6,6,3,0,3
12,3,9,3,0,3
5,0,5,0,0,0
20,0,20,0,0,0
10,0,10,0,0,0
5,0,5,0,0,0
5,0,5,0,0,0
5,0,5,0,0,0
5,1,4,0,0,0
10,0,10,0,0,0
5,0,5,0,0,0
10,0,10,0,0,0
10,0,10,0,0,0
10,0,10,0,0,0
5,0,5,0,0,0
10,0,10,0,0,0
10,0,10,0,0,0
10,0,10,0,0,0
5,1,4,0,0,0
10,0,10,0,0,0
5,1,4,0,0,0
10,0,10,0,0,0
5,0,5,0,0,0
10,0,10,0,0,0
5,1,4,0,0,0
10,0,10,0,0,0
10,0,10,0,0,0
10,0,10,0,0,0
10,0,10,0,0,0
5,0,5,0,0,0
5,0,5,0,0,0
10,1,9,0,0,0
10,0,10,0,0,0
10,0,10,0,0,0
10,1,9,0,0,0
10,0,10,0,0,0
5,1,4,0,0,0
10,0,10,0,0,0
30,7,23,5,0,5
1,1,0,0,0,0
40,28,12,5,0,5
8,4,4,0,0,0
2,2,0,0,0,0
8,4,4,0,0,0
40,28,12,0,0,0
2,2,0,0,0,0
35,4,31,0,0,0
15,0,15,0,0,0
10,0,10,0,0,0
10,0,10,0,0,0
10,0,10,0,0,0
10,0,10,0,0,0
15,0,15,0,0,0
10,0,10,0,0,0
200,3,197,0,0,0
15,0,15,0,0,0
10,0,10,0,0,0
10,0,10,0,0,0
15,0,15,0,0,0
10,0,10,0,0,0
10,0,10,0,0,0
10,0,10,0,0,0
15,0,15,0,0,0
10,0,10,0,0,0
10,0,10,0,0,0
15,0,15,0,0,0
15,0,15,0,0,0
5,0,5,0,0,0
10,0,10,0,0,0
5,1,4,0,0,0
15,0,15,0,0,0
10,0,10,0,0,0
15,0,15,0,0,0
15,0,15,0,0,0
10,0,10,0,0,0
15,0,15,0,0,0
15,0,15,0,0,0
10,0,10,0,0,0
10,0,10,0,0,0
10,0,10,0,0,0
15,0,15,0,0,0
15,0,15,0,0,0
15,0,15,0,0,0
15,0,15,0,0,0
10,0,10,0,0,0
10,0,10,0,0,0
10,0,10,0,0,0
10,0,10,0,0,0
10,0,10,0,0,0
15,1,14,0,0,0
15,0,15,0,0,0
15,0,15,0,0,0
15,0,15,0,0,0
15,0,15,0,0,0
10,0,10,0,0,0
10,0,10,0,0,0
5,0,5,0,0,0
10,0,10,0,0,0
10,0,10,0,0,0
15,0,15,0,0,0
15,0,15,0,0,0
15,0,15,0,0,0
15,0,15,0,0,0
10,0,10,0,0,0
15,0,15,0,0,0
10,0,10,0,0,0
10,0,10,0,0,0
10,0,10,0,0,0
10,0,10,0,0,0
10,0,10,0,0,0
15,0,15,0,0,0
15,0,15,0,0,0
10,0,10,0,0,0
10,0,10,0,0,0
10,0,10,0,0,0
10,0,10,0,0,0
10,0,10,0,0,0
10,0,10,0,0,0
15,0,15,0,0,0
10,0,10,0,0,0
15,0,15,0,0,0
10,0,10,0,0,0
15,0,15,0,0,0
10,0,10,0,0,0
15,0,15,0,0,0
5,1,4,0,0,0
10,0,10,0,0,0
10,0,10,0,0,0
15,0,15,0,0,0
20,0,20,0,0,0
10,0,10,0,0,0
10,0,10,0,0,0
10,0,10,0,0,0
10,0,10,0,0,0
15,0,15,0,0,0
15,0,15,0,0,0
10,0,10,0,0,0
10,0,10,0,0,0
10,0,10,0,0,0
10,0,10,0,0,0
10,0,10,0,0,0
10,0,10,0,0,0
10,0,10,0,0,0
10,1,9,0,0,0
10,0,10,0,0,0
15,0,15,0,0,0
10,0,10,0,0,0
15,0,15,0,0,0
10,0,10,0,0,0
10,0,10,0,0,0
10,0,10,0,0,0
10,0,10,0,0,0
10,0,10,0,0,0
10,0,10,0,0,0
10,0,10,0,0,0
10,0,10,0,0,0
10,0,10,0,0,0
10,0,10,0,0,0
10,0,10,0,0,0
10,0,10,0,0,0
10,0,10,0,0,0
10,0,10,0,0,0
10,0,10,0,0,0
20,0,20,0,0,0
10,0,10,0,0,0
10,0,10,0,0,0
10,0,10,0,0,0
10,0,10,0,0,0
10,0,10,0,0,0
10,0,10,0,0,0
10,0,10,0,0,0
10,0,10,0,0,0
10,0,10,0,0,0
10,0,10,0,0,0
10,0,10,0,0,0
10,0,10,0,0,0
15,0,15,0,0,0
15,0,15,0,0,0
10,0,10,0,0,0
10,0,10,0,0,0
44,28,16,20,0,20
30,10,20,0,0,0
25,15,10,0,0,0
31,24,7,2,0,2
40,11,29,0,0,0
25,13,12,0,0,0
58,25,33,10,0,10
30,10,20,0,0,0
25,18,7,0,0,0
50,2,48,0,0,0
50,2,48,50,0,50
1,1,0,0,0,0
25,12,13,25,0,25
20,0,20,0,0,0
5,0,5,0,0,0
5,1,4,0,0,0
5,0,5,0,0,0
5,0,5,0,0,0
10,0,10,0,0,0
5,0,5,0,0,0
5,0,5,0,0,0
5,0,5,0,0,0
15,0,15,0,0,0
20,0,20,0,0,0
10,1,9,0,0,0
25,0,25,0,0,0
20,0,20,0,0,0
25,1,24,0,0,0
10,0,10,0,0,0
10,1,9,0,0,0
15,0,15,0,0,0
10,1,9,0,0,0
5,0,5,0,0,0
5,0,5,0,0,0
20,0,20,0,0,0
10,0,10,0,0,0
15,2,13,0,0,0
20,0,20,0,0,0
10,0,10,0,0,0
25,1,24,0,0,0
20,0,20,0,0,0
10,0,10,0,0,0
10,0,10,0,0,0
25,0,25,0,0,0
15,0,15,0,0,0
20,1,19,0,0,0
10,0,10,0,0,0
5,0,5,0,0,0
5,0,5,0,0,0
5,2,3,0,0,0
25,0,25,0,0,0
10,1,9,0,0,0
5,0,5,0,0,0
25,2,23,0,0,0
3,1,2,0,0,0
10,1,9,0,0,0
15,0,15,0,0,0
10,0,10,0,0,0
3,0,3,0,0,0
20,0,20,0,0,0
3,0,3,0,0,0
10,0,10,0,0,0
10,0,10,0,0,0
10,0,10,0,0,0
3,0,3,0,0,0
25,0,25,0,0,0
5,0,5,0,0,0
10,1,9,0,0,0
15,0,15,0,0,0
15,0,15,0,0,0
5,0,5,0,0,0
5,1,4,0,0,0
20,0,20,0,0,0
3,0,3,0,0,0
20,3,17,0,0,0
20,0,20,0,0,0
5,0,5,0,0,0
25,0,25,0,0,0
20,0,20,0,0,0
25,2,23,0,0,0
20,0,20,0,0,0
5,0,5,0,0,0
20,0,20,0,0,0
5,0,5,0,0,0
5,0,5,0,0,0
20,0,20,0,0,0
5,0,5,0,0,0
5,0,5,0,0,0
20,1,19,0,0,0
25,0,25,0,0,0
30,1,29,0,0,0
10,0,10,0,0,0
10,1,9,0,0,0
5,0,5,0,0,0
5,0,5,0,0,0
3,0,3,0,0,0
5,0,5,0,0,0
10,0,10,0,0,0
20,0,20,0,0,0
10,1,9,0,0,0
10,0,10,0,0,0
5,0,5,0,0,0
10,1,9,0,0,0
10,0,10,0,0,0
5,0,5,0,0,0
15,0,15,0,0,0
25,0,25,0,0,0
25,3,22,0,0,0
10,0,10,0,0,0
25,0,25,0,0,0
10,0,10,0,0,0
5,0,5,0,0,0
25,0,25,0,0,0
5,2,3,0,0,0
25,0,25,0,0,0
25,0,25,0,0,0
50,24,26,50,0,50
25,0,25,0,0,0
25,0,25,0,0,0
25,0,25,0,0,0
25,0,25,0,0,0
25,0,25,0,0,0
25,0,25,0,0,0
25,0,25,0,0,0
25,0,25,0,0,0
25,2,23,0,0,0
10,0,10,0,0,0
10,1,9,0,0,0
25,1,24,0,0,0
25,1,24,0,0,0
25,3,22,0,0,0
25,0,25,0,0,0
25,0,25,0,0,0
25,0,25,0,0,0
25,0,25,0,0,0
10,0,10,0,0,0
3,0,3,0,0,0
25,0,25,0,0,0
20,5,15,0,0,0
25,4,21,0,0,0
25,0,25,0,0,0
25,0,25,0,0,0
10,0,10,0,0,0
0,0,0,0,0,0
25,1,24,0,0,0
25,0,25,0,0,0
25,0,25,0,0,0
25,0,25,0,0,0
15,0,15,0,0,0
25,1,24,0,0,0
25,1,24,0,0,0
25,0,25,0,0,0
25,0,25,0,0,0
25,0,25,0,0,0
10,0,10,0,0,0
25,4,21,0,0,0
15,1,14,0,0,0
25,0,25,0,0,0
25,1,24,0,0,0
25,0,25,0,0,0
25,0,25,0,0,0
25,0,25,0,0,0
25,3,22,0,0,0
20,0,20,0,0,0
10,0,10,0,0,0
25,1,24,0,0,0
10,1,9,0,0,0
10,0,10,0,0,0
25,1,24,0,0,0
10,0,10,0,0,0
10,0,10,0,0,0
0,0,0,0,0,0
15,3,12,0,0,0
25,0,25,0,0,0
25,0,25,0,0,0
25,0,25,0,0,0
25,0,25,0,0,0
10,0,10,0,0,0
25,0,25,0,0,0
25,1,24,0,0,0
25,0,25,0,0,0
10,1,9,0,0,0
10,0,10,0,0,0
25,0,25,0,0,0
25,0,25,0,0,0
10,0,10,0,0,0
25,0,25,0,0,0
25,0,25,0,0,0
25,1,24,0,0,0
25,0,25,0,0,0
25,0,25,0,0,0
10,0,10,0,0,0
25,3,22,0,0,0
25,0,25,0,0,0
25,1,24,0,0,0
25,0,25,0,0,0
25,0,25,0,0,0
25,0,25,0,0,0
10,0,10,0,0,0
25,0,25,0,0,0
15,0,15,0,0,0
10,1,9,0,0,0
10,0,10,0,0,0
10,2,8,0,0,0
10,0,10,0,0,0
25,0,25,0,0,0
25,0,25,0,0,0
25,0,25,0,0,0
25,0,25,0,0,0
25,1,24,0,0,0
25,0,25,0,0,0
25,0,25,0,0,0
25,0,25,0,0,0
25,0,25,0,0,0
25,0,25,0,0,0
25,0,25,0,0,0
25,2,23,0,0,0
25,0,25,0,0,0
25,1,24,0,0,0
10,0,10,0,0,0
10,0,10,0,0,0
25,7,18,0,0,0
20,0,20,0,0,0
10,2,8,0,0,0
25,0,25,0,0,0
25,1,24,0,0,0
10,0,10,0,0,0
25,0,25,0,0,0
25,1,24,0,0,0
25,0,25,0,0,0
25,1,24,0,0,0
25,1,24,0,0,0
25,0,25,0,0,0
10,0,10,0,0,0
25,1,24,0,0,0
20,2,18,0,0,0
25,4,21,0,0,0
25,0,25,0,0,0
25,0,25,0,0,0
25,0,25,0,0,0
25,1,24,0,0,0
20,0,20,0,0,0
25,0,25,0,0,0
10,0,10,0,0,0
25,0,25,0,0,0
25,2,23,0,0,0
10,1,9,0,0,0
25,1,24,0,0,0
25,0,25,0,0,0
25,1,24,0,0,0
25,0,25,0,0,0
10,0,10,0,0,0
25,0,25,0,0,0
25,0,25,0,0,0
25,1,24,0,0,0
10,0,10,0,0,0
10,0,10,0,0,0
25,0,25,0,0,0
25,0,25,0,0,0
25,0,25,0,0,0
10,0,10,0,0,0
25,4,21,0,0,0
25,0,25,0,0,0
25,0,25,0,0,0
25,0,25,0,0,0
10,0,10,0,0,0
10,4,6,0,0,0
25,0,25,0,0,0
10,0,10,0,0,0
10,0,10,0,0,0
25,2,23,0,0,0
25,1,24,0,0,0
5,0,5,0,0,0
5,0,5,0,0,0
10,0,10,0,0,0
20,0,20,0,0,0
15,0,15,0,0,0
100,0,100,0,0,0
10,0,10,0,0,0
20,0,20,0,0,0
10,0,10,0,0,0
25,0,25,0,0,0
30,3,27,0,0,0
10,1,9,0,0,0
10,0,10,0,0,0
10,0,10,0,0,0
10,1,9,0,0,0
10,0,10,0,0,0
25,0,25,0,0,0
10,0,10,0,0,0
20,0,20,0,0,0
25,0,25,0,0,0
10,0,10,0,0,0
15,0,15,0,0,0
15,0,15,0,0,0
15,0,15,0,0,0
10,0,10,0,0,0
15,2,13,0,0,0
25,0,25,0,0,0
20,0,20,0,0,0
15,0,15,0,0,0
25,0,25,0,0,0
15,0,15,0,0,0
15,0,15,0,0,0
20,0,20,0,0,0
15,0,15,0,0,0
15,0,15,0,0,0
3,0,3,0,0,0
10,0,10,0,0,0
10,0,10,0,0,0
20,0,20,0,0,0
10,0,10,0,0,0
10,0,10,0,0,0
15,0,15,0,0,0
15,0,15,0,0,0
15,0,15,0,0,0
20,0,20,0,0,0
10,1,9,0,0,0
10,1,9,0,0,0
25,0,25,0,0,0
10,0,10,0,0,0
15,0,15,0,0,0
15,0,15,0,0,0
15,0,15,0,0,0
15,0,15,0,0,0
5,0,5,0,0,0
10,0,10,0,0,0
10,0,10,0,0,0
25,0,25,0,0,0
10,0,10,0,0,0
15,0,15,0,0,0
10,0,10,0,0,0
15,0,15,0,0,0
10,0,10,0,0,0
15,0,15,0,0,0
15,0,15,0,0,0
15,0,15,0,0,0
25,0,25,0,0,0
15,0,15,0,0,0
15,0,15,0,0,0
25,0,25,0,0,0
25,0,25,0,0,0
20,0,20,0,0,0
1,0,1,0,0,0
3,0,3,0,0,0
15,0,15,0,0,0
15,0,15,0,0,0
15,0,15,0,0,0
3,0,3,0,0,0
20,0,20,0,0,0
25,0,25,0,0,0
15,0,15,0,0,0
10,0,10,0,0,0
5,0,5,0,0,0
5,0,5,0,0,0
5,0,5,0,0,0
15,0,15,0,0,0
15,0,15,0,0,0
10,0,10,0,0,0
20,0,20,0,0,0
20,0,20,0,0,0
25,0,25,0,0,0
10,0,10,0,0,0
0,0,0,0,0,0
25,0,25,0,0,0
20,0,20,0,0,0
15,0,15,0,0,0
20,0,20,0,0,0
25,0,25,0,0,0
15,0,15,0,0,0
15,0,15,0,0,0
15,0,15,0,0,0
5,0,5,0,0,0
15,0,15,0,0,0
25,0,25,0,0,0
15,0,15,0,0,0
3,0,3,0,0,0
3,0,3,0,0,0
3,0,3,0,0,0
20,0,20,0,0,0
25,0,25,0,0,0
15,0,15,0,0,0
15,0,15,0,0,0
15,0,15,0,0,0
10,0,10,0,0,0
15,0,15,0,0,0
15,0,15,0,0,0
15,0,15,0,0,0
15,0,15,0,0,0
5,0,5,0,0,0
10,1,9,0,0,0
10,0,10,0,0,0
0,0,0,0,0,0
25,1,24,0,0,0
15,0,15,0,0,0
15,0,15,0,0,0
15,0,15,0,0,0
20,0,20,0,0,0
25,0,25,0,0,0
15,0,15,0,0,0
3,0,3,0,0,0
10,0,10,0,0,0
25,0,25,0,0,0
10,0,10,0,0,0
25,0,25,0,0,0
15,0,15,0,0,0
5,0,5,0,0,0
20,0,20,0,0,0
10,0,10,0,0,0
15,0,15,0,0,0
15,1,14,0,0,0
20,0,20,0,0,0
10,0,10,0,0,0
15,0,15,0,0,0
15,0,15,0,0,0
25,0,25,0,0,0
5,1,4,0,0,0
25,0,25,0,0,0
25,1,24,0,0,0
25,0,25,0,0,0
25,0,25,0,0,0
10,0,10,0,0,0
25,1,24,0,0,0
25,0,25,0,0,0
10,0,10,0,0,0
200,31,169,0,0,0
25,0,25,0,0,0
25,0,25,0,0,0
700,270,430,0,0,0
25,0,25,0,0,0
25,0,25,0,0,0
10,0,10,0,0,0
10,0,10,0,0,0
10,1,9,0,0,0
10,0,10,0,0,0
10,1,9,0,0,0
20,0,20,0,0,0
20,0,20,0,0,0
10,1,9,0,0,0
10,2,8,0,0,0
10,0,10,0,0,0
25,0,25,0,0,0
25,0,25,0,0,0
25,1,24,0,0,0
25,0,25,0,0,0
25,3,22,0,0,0
25,7,18,0,0,0
25,6,19,0,0,0
25,2,23,0,0,0
25,0,25,0,0,0
10,0,10,0,0,0
25,2,23,0,0,0
25,1,24,0,0,0
25,0,25,0,0,0
25,0,25,0,0,0
25,2,23,0,0,0
25,0,25,0,0,0
25,3,22,0,0,0
25,3,22,0,0,0
25,2,23,0,0,0
20,1,19,0,0,0
25,0,25,0,0,0
25,4,21,0,0,0
25,2,23,0,0,0
10,0,10,0,0,0
25,4,21,0,0,0
10,1,9,0,0,0
25,0,25,0,0,0
25,6,19,0,0,0
25,0,25,0,0,0
25,0,25,0,0,0
25,0,25,0,0,0
25,1,24,0,0,0
25,7,18,0,0,0
25,0,25,0,0,0
25,0,25,0,0,0
20,0,20,0,0,0
20,5,15,0,0,0
20,0,20,0,0,0
25,5,20,0,0,0
25,7,18,0,0,0
25,4,21,0,0,0
10,1,9,0,0,0
25,2,23,0,0,0
25,7,18,0,0,0
25,1,24,0,0,0
25,2,23,0,0,0
25,4,21,0,0,0
5,2,3,0,0,0
25,7,18,0,0,0
25,0,25,0,0,0
10,0,10,0,0,0
10,1,9,0,0,0
10,0,10,0,0,0
25,3,22,0,0,0
10,1,9,0,0,0
25,0,25,0,0,0
25,0,25,0,0,0
25,1,24,0,0,0
25,0,25,0,0,0
25,0,25,0,0,0
25,0,25,0,0,0
20,0,20,0,0,0
10,0,10,0,0,0
25,2,23,0,0,0
25,2,23,0,0,0
25,0,25,0,0,0
25,1,24,0,0,0
10,2,8,0,0,0
25,0,25,0,0,0
25,0,25,0,0,0
10,0,10,0,0,0
25,4,21,0,0,0
25,0,25,0,0,0
25,2,23,0,0,0
25,15,10,0,0,0
25,1,24,0,0,0
25,3,22,0,0,0
10,1,9,0,0,0
25,0,25,0,0,0
25,1,24,0,0,0
25,1,24,0,0,0
25,5,20,0,0,0
25,4,21,0,0,0
25,1,24,0,0,0
25,0,25,0,0,0
20,4,16,0,0,0
10,0,10,0,0,0
25,0,25,0,0,0
30,0,30,0,0,0
25,2,23,0,0,0
25,0,25,0,0,0
25,0,25,0,0,0
25,1,24,0,0,0
25,0,25,0,0,0
25,0,25,0,0,0
10,1,9,0,0,0
25,1,24,0,0,0
25,0,25,0,0,0
25,3,22,0,0,0
25,1,24,0,0,0
25,0,25,0,0,0
25,0,25,0,0,0
25,5,20,0,0,0
25,0,25,0,0,0
25,0,25,0,0,0
25,0,25,0,0,0
10,0,10,0,0,0
25,4,21,0,0,0
25,0,25,0,0,0
20,8,12,0,0,0
20,0,20,0,0,0
10,0,10,0,0,0
25,0,25,0,0,0
25,5,20,0,0,0
25,0,25,0,0,0
25,0,25,0,0,0
25,1,24,0,0,0
25,4,21,0,0,0
20,0,20,0,0,0
25,0,25,0,0,0
25,6,19,0,0,0
25,1,24,0,0,0
25,0,25,0,0,0
10,1,9,0,0,0
20,5,15,0,0,0
25,6,19,0,0,0
25,5,20,0,0,0
0,0,0,0,0,0
25,0,25,0,0,0
25,0,25,0,0,0
25,0,25,0,0,0
25,1,24,0,0,0
25,0,25,0,0,0
25,4,21,0,0,0
25,9,16,0,0,0
10,0,10,0,0,0
10,0,10,0,0,0
25,1,24,0,0,0
25,5,20,0,0,0
10,0,10,0,0,0
10,7,3,0,0,0
25,5,20,0,0,0
25,1,24,0,0,0
25,4,21,0,0,0
25,0,25,0,0,0
10,0,10,0,0,0
10,0,10,0,0,0
10,0,10,0,0,0
10,1,9,0,0,0
10,1,9,0,0,0
25,0,25,0,0,0
25,0,25,0,0,0
25,5,20,0,0,0
25,0,25,0,0,0
10,0,10,0,0,0
10,1,9,0,0,0
25,2,23,0,0,0
25,2,23,0,0,0
10,0,10,0,0,0
25,0,25,0,0,0
10,1,9,0,0,0
20,5,15,0,0,0
25,1,24,0,0,0
25,0,25,0,0,0
25,4,21,0,0,0
25,0,25,0,0,0
10,0,10,0,0,0
25,3,22,0,0,0
25,5,20,0,0,0
25,3,22,0,0,0
25,0,25,0,0,0
10,0,10,0,0,0
20,4,16,0,0,0
22,20,2,0,0,0
22,22,0,0,0,0
22,21,1,0,0,0
22,21,1,0,0,0
22,23,0,0,0,0
22,20,2,0,0,0
22,22,0,0,0,0
22,15,7,0,0,0
25,15,10,5,0,5
25,25,0,5,0,5
25,25,0,0,0,0
25,25,0,0,0,0
25,25,0,5,0,5
25,11,14,0,0,0
25,24,1,0,0,0
25,25,0,0,0,0
25,15,10,0,0,0
25,22,3,0,0,0
25,14,11,0,0,0
25,18,7,0,0,0
25,24,1,0,0,0
0,6,0,0,0,0
25,17,8,0,0,0
50,0,50,0,0,0
50,0,50,0,0,0
50,1,49,0,0,0
20,0,20,0,0,0
5,0,5,0,0,0
50,0,50,0,0,0
27,28,0,25,0,25
27,27,0,25,0,25
27,27,0,25,0,25
22,13,9,25,0,25
25,13,12,25,0,25
1,2,0,0,0,0
25,18,7,0,0,0
25,8,17,0,0,0
20,20,0,25,0,25
25,9,16,0,0,0
15,13,2,25,0,25
20,17,3,25,0,25
15,9,6,25,0,25
1,1,0,0,0,0
1,1,0,0,0,0
1,1,0,0,0,0
1,1,0,0,0,0
1,1,0,0,0,0
110,102,8,0,0,0
14,11,3,0,0,0
14,13,1,0,0,0
20,19,1,0,0,0
14,9,5,0,0,0
20,16,4,0,0,0
20,12,8,0,0,0
20,13,7,0,0,0
14,4,10,0,0,0
20,4,16,0,0,0
14,9,5,0,0,0
27,19,8,0,0,0
20,20,0,0,0,0
20,17,3,0,0,0
20,15,5,0,0,0
20,10,10,0,0,0
20,18,2,0,0,0
14,14,0,0,0,0
14,14,0,0,0,0
14,14,0,0,0,0
20,19,1,0,0,0
20,14,6,0,0,0
28,24,4,0,0,0
14,8,6,0,0,0
20,19,1,0,0,0
20,8,12,0,0,0
20,19,1,0,0,0
14,14,0,0,0,0
14,4,10,0,0,0
20,11,9,0,0,0
20,10,10,0,0,0
20,10,10,0,0,0
20,12,8,0,0,0
20,15,5,0,0,0
20,10,10,0,0,0
20,16,4,0,0,0
20,17,3,0,0,0
20,17,3,0,0,0
20,10,10,0,0,0
20,13,7,0,0,0
20,11,9,0,0,0
20,16,4,0,0,0
20,19,1,0,0,0
14,10,4,0,0,0
20,19,1,0,0,0
20,9,11,0,0,0
14,13,1,0,0,0
20,20,0,0,0,0
20,14,6,0,0,0
20,20,0,0,0,0
20,20,0,0,0,0
20,14,6,0,0,0
14,14,0,0,0,0
12,6,6,0,0,0
20,20,0,0,0,0
20,11,9,0,0,0
40,24,16,20,0,20
5,0,5,0,0,0
30,0,30,0,0,0
30,18,12,0,0,0
170,68,102,0,0,0
30,0,30,0,0,0
30,0,30,0,0,0
30,0,30,0,0,0
30,2,28,0,0,0
8,4,4,0,0,0
32,9,23,0,0,0
193,192,1,0,0,0
6,0,6,0,0,0
6,0,6,0,0,0
6,0,6,0,0,0
6,0,6,0,0,0
6,0,6,0,0,0
29,0,29,0,0,0
20,11,9,25,0,25
20,14,6,25,0,25
1,0,1,0,0,0
3,2,1,0,0,0
22,9,13,25,0,25
15,8,7,25,0,25
6,6,0,0,0,0
6,6,0,0,0,0
1,1,0,0,0,0
1,1,0,0,0,0
1,1,0,0,0,0
1,1,0,0,0,0
1,1,0,0,0,0
1,1,0,0,0,0
6,3,3,0,0,0
180,107,73,0,0,0
132,91,41,0,0,0
100,77,23,0,0,0
14,12,2,0,0,0
40,39,1,0,0,0
31,12,19,0,0,0
40,25,15,0,0,0
45,30,15,0,0,0
0,0,0,0,0,0
100,66,34,0,0,0
37,35,2,0,0,0
0,1,0,0,0,0
78,22,56,0,0,0
45,13,32,0,0,0
1,1,0,0,0,0
1,0,1,0,0,0
1,1,0,0,0,0
1,1,0,0,0,0
1,1,0,0,0,0
1,1,0,0,0,0
1,1,0,0,0,0
1,1,0,0,0,0
1,1,0,0,0,0
1,1,0,0,0,0
15,12,3,0,0,0
9,0,9,0,0,0
15,13,2,0,0,0
50,38,12,25,0,25
50,10,40,20,0,20
115,113,2,50,0,50
50,29,21,20,0,20
50,22,28,15,0,15
70,47,23,35,0,35
50,5,45,25,0,25
50,23,27,35,0,35
65,20,45,40,0,40
65,20,45,40,0,40
50,25,25,35,0,35
50,36,14,10,0,10
50,19,31,0,0,0
51,9,42,25,0,25
50,19,31,10,0,10
0,1,0,0,0,0
50,48,2,15,0,15
5,4,1,0,0,0
5,2,3,0,0,0
80,31,49,50,0,50
5,1,4,0,0,0
5,1,4,0,0,0
5,0,5,0,0,0
5,1,4,0,0,0
5,3,2,0,0,0
300,124,176,0,0,0
100,51,49,0,0,0
25,3,22,25,0,25
25,10,15,5,0,5
35,18,17,5,0,5
60,4,56,0,0,0
25,8,17,5,0,5
60,3,57,0,0,0
11,11,0,10,0,10
550,450,100,50,0,50
35,10,25,10,0,10
10,5,5,0,0,0
100,80,20,200,0,200
800,269,531,50,0,50
20,3,17,0,0,0
40,10,30,0,0,0
200,53,147,50,0,50
550,461,89,50,0,50
30,1,29,5,0,5
10,9,1,0,0,0
60,56,4,25,0,25
50,40,10,0,0,0
25,18,7,5,0,5
500,395,105,50,0,50
20,5,15,0,0,0
35,15,20,0,0,0
400,66,334,50,0,50
10,3,7,0,0,0
100,24,76,35,0,35
400,110,290,50,0,50
20,1,19,0,0,0
10,2,8,0,0,0
5,1,4,0,0,0
10,0,10,0,0,0
5,0,5,0,0,0
10,0,10,0,0,0
10,1,9,0,0,0
10,1,9,0,0,0
5,0,5,0,0,0
10,0,10,0,0,0
5,0,5,0,0,0
10,0,10,0,0,0
20,0,20,0,0,0
5,0,5,0,0,0
10,0,10,0,0,0
5,0,5,0,0,0
10,4,6,0,0,0
10,2,8,0,0,0
5,0,5,0,0,0
5,0,5,0,0,0
10,1,9,0,0,0
10,0,10,0,0,0
10,5,5,0,0,0
10,0,10,0,0,0
10,1,9,0,0,0
10,4,6,0,0,0
10,1,9,0,0,0
10,6,4,0,0,0
10,7,3,0,0,0
5,1,4,0,0,0
10,0,10,0,0,0
10,4,6,0,0,0
10,1,9,0,0,0
10,3,7,0,0,0
10,5,5,0,0,0
10,3,7,0,0,0
15,2,13,0,0,0
10,0,10,0,0,0
10,3,7,0,0,0
10,2,8,0,0,0
10,4,6,0,0,0
10,1,9,0,0,0
10,4,6,0,0,0
10,0,10,0,0,0
10,1,9,0,0,0
10,2,8,0,0,0
10,1,9,0,0,0
10,0,10,0,0,0
10,0,10,0,0,0
20,18,2,0,0,0
10,1,9,0,0,0
10,3,7,0,0,0
10,1,9,0,0,0
10,1,9,0,0,0
10,1,9,0,0,0
10,0,10,0,0,0
10,0,10,0,0,0
10,0,10,0,0,0
10,1,9,0,0,0
10,2,8,0,0,0
10,0,10,0,0,0
10,3,7,0,0,0
10,5,5,0,0,0
10,3,7,0,0,0
10,0,10,0,0,0
15,12,3,0,0,0
10,3,7,0,0,0
10,1,9,0,0,0
10,1,9,0,0,0
10,0,10,0,0,0
10,1,9,0,0,0
10,5,5,0,0,0
10,2,8,0,0,0
10,3,7,10,0,10
10,1,9,0,0,0
125,28,97,0,0,0
125,28,97,0,0,0
40,28,12,0,0,0
50,16,34,0,0,0
55,30,25,20,0,20
55,30,25,0,0,0
50,11,39,10,0,10
50,11,39,0,0,0
15,6,9,0,0,0
45,16,29,0,0,0
15,13,2,15,0,15
15,15,0,15,0,15
40,20,20,0,0,0
2,1,1,0,0,0
30,19,11,0,0,0
3,0,3,0,0,0
5,0,5,0,0,0
5,0,5,0,0,0
5,0,5,0,0,0
5,0,5,0,0,0
5,0,5,0,0,0
1,0,1,0,0,0
5,1,4,0,0,0
3,1,2,0,0,0
1,0,1,0,0,0
2,0,2,0,0,0
500,0,500,0,0,0
300,51,249,50,0,50
300,56,244,50,0,50
50,38,12,0,0,0
5,0,5,0,0,0
50,26,24,0,0,0
50,19,31,0,0,0
50,13,37,0,0,0
3,3,0,0,0,0
5,2,3,0,0,0
110,99,11,0,0,0
100,71,29,50,0,50
15,9,6,0,0,0
5,1,4,0,0,0
1,1,0,0,0,0
20,12,8,0,0,0
1,1,0,0,0,0
1,1,0,0,0,0
1,1,0,0,0,0
1,1,0,0,0,0
1,1,0,0,0,0
1,1,0,0,0,0
5,1,4,0,0,0
5,0,5,0,0,0
5,1,4,0,0,0
5,0,5,0,0,0
2,1,1,0,0,0
1,0,1,0,0,0
5,1,4,0,0,0
1,0,1,0,0,0
1,0,1,0,0,0
25,0,25,0,0,0
1,0,1,0,0,0
25,0,25,0,0,0
35,0,35,0,0,0
25,0,25,0,0,0
35,0,35,0,0,0
35,0,35,0,0,0
25,0,25,0,0,0
25,0,25,0,0,0
25,0,25,0,0,0
25,0,25,0,0,0
25,0,25,0,0,0
25,0,25,0,0,0
35,0,35,0,0,0
35,0,35,0,0,0
25,0,25,0,0,0
25,0,25,0,0,0
35,0,35,0,0,0
35,0,35,0,0,0
25,0,25,0,0,0
25,0,25,0,0,0
250,61,189,0,0,0
25,0,25,0,0,0
35,0,35,0,0,0
100,2,98,0,0,0
100,1,99,0,0,0
100,20,80,0,0,0
50,0,50,0,0,0
100,2,98,0,0,0
50,3,47,0,0,0
800,819,0,0,0,0
100,15,85,0,0,0
100,11,89,0,0,0
100,32,68,0,0,0
500,5,495,0,0,0
50,0,50,0,0,0
100,0,100,0,0,0
100,0,100,0,0,0
100,4,96,0,0,0
50,0,50,0,0,0
100,7,93,0,0,0
100,0,100,0,0,0
100,3,97,0,0,0
50,0,50,0,0,0
700,493,207,0,0,0
100,0,100,0,0,0
200,69,131,0,0,0
100,4,96,0,0,0
100,0,100,0,0,0
65,41,24,0,0,0
71,54,17,0,0,0
71,41,30,0,0,0
71,54,17,0,0,0
71,41,30,0,0,0
71,41,30,0,0,0
15,11,4,25,0,25
2,2,0,0,0,0
15,10,5,25,0,25
15,10,5,25,0,25
0,1,0,0,0,0
10,8,2,0,0,0
10,10,0,0,0,0
10,10,0,0,0,0
1,1,0,0,0,0
8,4,4,25,0,25
1,1,0,0,0,0
1,1,0,0,0,0
1,1,0,0,0,0
1,1,0,0,0,0
25,21,4,25,0,25
15,15,0,25,0,25
4,4,0,0,0,0
9,9,0,25,0,25
4,4,0,0,0,0
21,21,0,25,0,25
6,6,0,0,0,0
10,10,0,0,0,0
2,2,0,0,0,0
8,8,0,0,0,0
1,1,0,0,0,0
2,2,0,0,0,0
20,0,20,0,0,0
25,23,2,25,0,25
0,0,0,0,0,0
1,1,0,0,0,0
35,27,8,5,0,5
35,33,2,15,0,15
35,21,14,15,0,15
10,4,6,0,0,0
10,1,9,0,0,0
20,17,3,15,0,15
51,48,3,20,0,20
25,4,21,15,0,15
35,34,1,15,0,15
35,20,15,15,0,15
35,9,26,15,0,15
25,4,21,15,0,15
35,29,6,15,0,15
49,46,3,20,0,20
35,7,28,15,0,15
23,20,3,10,0,10
23,22,1,10,0,10
23,23,0,10,0,10
11,11,0,5,0,5
25,5,20,0,0,0
25,12,13,0,0,0
0,0,0,0,0,0
1,0,1,0,0,0
1,1,0,0,0,0
2,2,0,0,0,0
2,0,2,0,0,0
15,10,5,0,0,0
15,10,5,0,0,0
20,7,13,10,0,10
15,0,15,0,0,0
15,1,14,0,0,0
1,0,1,0,0,0
5,0,5,0,0,0
5,0,5,0,0,0
5,0,5,0,0,0
5,0,5,0,0,0
5,1,4,0,0,0
1,1,0,0,0,0
5,1,4,0,0,0
5,0,5,0,0,0
1,0,1,0,0,0
10,0,10,0,0,0
5,1,4,0,0,0
10,0,10,0,0,0
5,2,3,0,0,0
15,1,14,0,0,0
2,0,2,0,0,0
5,1,4,0,0,0
5,0,5,0,0,0
5,0,5,0,0,0
10,0,10,0,0,0
5,0,5,0,0,0
5,0,5,0,0,0
5,0,5,0,0,0
5,0,5,0,0,0
5,0,5,0,0,0
5,1,4,0,0,0
5,0,5,0,0,0
20,10,10,0,0,0
10,0,10,0,0,0
5,2,3,0,0,0
10,6,4,0,0,0
5,1,4,0,0,0
5,1,4,0,0,0
10,1,9,0,0,0
1,1,0,0,0,0
10,1,9,0,0,0
5,0,5,0,0,0
60,35,25,25,0,25
70,48,22,20,0,20
75,37,38,25,0,25
1,1,0,0,0,0
50,19,31,25,0,25
75,22,53,25,0,25
75,46,29,25,0,25
60,16,44,25,0,25
75,34,41,25,0,25
60,23,37,25,0,25
40,37,3,0,0,0
45,28,17,20,0,20
60,27,33,25,0,25
40,40,0,0,0,0
40,15,25,20,0,20
10,1,9,5,0,5
15,7,8,0,0,0
1,1,0,0,0,0
15,4,11,0,0,0
15,2,13,0,0,0
1,1,0,0,0,0
25,10,15,20,0,20
5,4,1,5,0,5
15,2,13,0,0,0
35,12,23,0,0,0
2,1,1,0,0,0
44,11,33,0,0,0
0,0,0,2,0,2
50,46,4,10,0,10
5,0,5,0,0,0
50,20,30,15,0,15
10,5,5,20,0,20
65,26,39,0,0,0
5,4,1,0,0,0
25,16,9,0,0,0
5,1,4,5,0,5
40,19,21,15,0,15
5,2,3,5,0,5
45,27,18,20,0,20
625,542,83,50,0,50
1,1,0,0,0,0
5,4,1,0,0,0
35,18,17,10,0,10
10,0,10,10,0,10
40,21,19,10,0,10
100,98,2,0,0,0
300,218,82,50,0,50
5,0,5,5,0,5
45,31,14,20,0,20
5,0,5,5,0,5
40,16,24,15,0,15
40,34,6,10,0,10
48,44,4,10,0,10
50,40,10,20,0,20
50,46,4,20,0,20
60,58,2,20,0,20
60,58,2,20,0,20
65,64,1,20,0,20
14,14,0,10,0,10
75,72,3,30,0,30
14,14,0,10,0,10
14,11,3,5,0,5
14,12,2,5,0,5
60,51,9,20,0,20
60,56,4,20,0,20
20,11,9,15,0,15
25,16,9,0,0,0
200,106,94,50,0,50
1,1,0,0,0,0
1,1,0,0,0,0
40,19,21,15,0,15
5,5,0,0,0,0
20,19,1,10,0,10
5,0,5,5,0,5
35,5,30,15,0,15
20,5,15,20,0,20
600,563,37,50,0,50
200,164,36,50,0,50
300,201,99,50,0,50
2,2,0,0,0,0
50,40,10,50,0,50
100,76,24,50,0,50
5,3,2,0,0,0
5,0,5,0,0,0
10,0,10,0,0,0
5,0,5,0,0,0
5,0,5,0,0,0
5,0,5,0,0,0
10,0,10,0,0,0
5,0,5,0,0,0
10,0,10,0,0,0
5,0,5,0,0,0
5,1,4,0,0,0
2,0,2,0,0,0
5,1,4,0,0,0
5,2,3,0,0,0
5,1,4,0,0,0
5,0,5,0,0,0
20,0,20,0,0,0
20,0,20,0,0,0
20,0,20,0,0,0
20,0,20,0,0,0
20,0,20,0,0,0
5,1,4,0,0,0
20,0,20,0,0,0
71,54,17,0,0,0
30,11,19,0,0,0
30,11,19,0,0,0
71,54,17,0,0,0
30,7,23,0,0,0
40,3,37,0,0,0
5,0,5,0,0,0
10,1,9,0,0,0
5,1,4,0,0,0
5,0,5,0,0,0
5,0,5,0,0,0
5,0,5,0,0,0
5,1,4,0,0,0
5,0,5,0,0,0
5,1,4,0,0,0
5,0,5,0,0,0
10,1,9,0,0,0
10,1,9,0,0,0
5,0,5,0,0,0
3,0,3,0,0,0
5,1,4,0,0,0
5,1,4,0,0,0
3,0,3,0,0,0
5,1,4,0,0,0
10,1,9,0,0,0
5,0,5,0,0,0
5,1,4,0,0,0
5,0,5,0,0,0
5,0,5,0,0,0
3,0,3,0,0,0
5,1,4,0,0,0
5,0,5,0,0,0
5,1,4,0,0,0
5,0,5,0,0,0
3,1,2,0,0,0
3,0,3,0,0,0
5,0,5,0,0,0
3,0,3,0,0,0
3,0,3,0,0,0
4,0,4,0,0,0
5,0,5,0,0,0
1,0,1,0,0,0
3,0,3,0,0,0
2,0,2,0,0,0
5,0,5,0,0,0
5,0,5,0,0,0
5,0,5,0,0,0
5,0,5,0,0,0
5,0,5,0,0,0
5,0,5,0,0,0
5,0,5,0,0,0
3,0,3,0,0,0
10,0,10,0,0,0
3,0,3,0,0,0
5,0,5,0,0,0
3,0,3,0,0,0
5,0,5,0,0,0
3,0,3,0,0,0
5,0,5,0,0,0
3,0,3,0,0,0
5,0,5,0,0,0
3,1,2,0,0,0
5,0,5,0,0,0
3,0,3,0,0,0
5,0,5,0,0,0
8,0,8,0,0,0
5,2,3,0,0,0
1,0,1,0,0,0
6,4,2,0,0,0
5,0,5,0,0,0
5,0,5,0,0,0
5,0,5,0,0,0
8,0,8,0,0,0
5,0,5,0,0,0
5,0,5,0,0,0
15,5,10,0,0,0
3,0,3,0,0,0
5,3,2,0,0,0
3,0,3,0,0,0
5,0,5,0,0,0
5,0,5,0,0,0
8,0,8,0,0,0
2,0,2,0,0,0
5,0,5,0,0,0
5,0,5,0,0,0
8,1,7,0,0,0
1,0,1,0,0,0
5,0,5,0,0,0
3,0,3,0,0,0
3,0,3,0,0,0
1,0,1,0,0,0
5,1,4,0,0,0
5,0,5,0,0,0
5,0,5,0,0,0
8,0,8,0,0,0
1,0,1,0,0,0
3,2,1,0,0,0
5,0,5,0,0,0
5,0,5,0,0,0
8,0,8,0,0,0
3,1,2,0,0,0
5,2,3,0,0,0
5,0,5,0,0,0
0,0,0,0,0,0
7,0,7,0,0,0
5,0,5,0,0,0
5,0,5,0,0,0
5,0,5,0,0,0
5,1,4,0,0,0
5,0,5,0,0,0
5,0,5,0,0,0
5,0,5,0,0,0
2,1,1,0,0,0
5,0,5,0,0,0
1,0,1,0,0,0
5,0,5,0,0,0
3,0,3,0,0,0
5,0,5,0,0,0
5,0,5,0,0,0
5,1,4,0,0,0
1,0,1,0,0,0
5,0,5,0,0,0
1,0,1,0,0,0
15,0,15,0,0,0
3,0,3,0,0,0
5,0,5,0,0,0
3,0,3,0,0,0
5,0,5,0,0,0
3,0,3,0,0,0
25,16,9,0,0,0
50,11,39,0,0,0
3,3,0,0,0,0
5,0,5,0,0,0
10,0,10,0,0,0
5,0,5,0,0,0
5,0,5,0,0,0
5,1,4,0,0,0
8,0,8,0,0,0
5,0,5,0,0,0
5,0,5,0,0,0
3,0,3,0,0,0
10,0,10,0,0,0
5,0,5,0,0,0
5,0,5,0,0,0
5,0,5,0,0,0
10,0,10,0,0,0
5,0,5,0,0,0
10,0,10,0,0,0
5,0,5,0,0,0
5,0,5,0,0,0
5,1,4,0,0,0
3,0,3,0,0,0
8,0,8,0,0,0
5,0,5,0,0,0
5,0,5,0,0,0
10,0,10,0,0,0
8,0,8,0,0,0
10,1,9,0,0,0
10,0,10,0,0,0
8,0,8,0,0,0
10,1,9,0,0,0
5,0,5,0,0,0
10,1,9,0,0,0
5,0,5,0,0,0
10,1,9,0,0,0
7,0,7,0,0,0
10,0,10,0,0,0
7,0,7,0,0,0
5,0,5,0,0,0
3,0,3,0,0,0
10,1,9,0,0,0
7,0,7,0,0,0
10,0,10,0,0,0
3,0,3,0,0,0
5,0,5,0,0,0
5,1,4,0,0,0
5,0,5,0,0,0
5,0,5,0,0,0
5,0,5,0,0,0
5,0,5,0,0,0
3,0,3,0,0,0
20,0,20,0,0,0
1,0,1,0,0,0
5,0,5,0,0,0
8,0,8,0,0,0
8,0,8,0,0,0
5,1,4,0,0,0
5,0,5,0,0,0
10,2,8,0,0,0
3,0,3,0,0,0
5,2,3,0,0,0
8,2,6,0,0,0
10,0,10,0,0,0
5,1,4,0,0,0
5,0,5,0,0,0
7,0,7,0,0,0
5,2,3,0,0,0
5,2,3,0,0,0
7,5,2,0,0,0
7,1,6,0,0,0
9,5,4,0,0,0
10,1,9,0,0,0
5,2,3,0,0,0
4,0,4,0,0,0
5,0,5,0,0,0
5,2,3,0,0,0
6,5,1,0,0,0
5,0,5,0,0,0
5,0,5,0,0,0
5,0,5,0,0,0
10,0,10,0,0,0
8,2,6,0,0,0
5,2,3,0,0,0
5,0,5,0,0,0
12,3,9,0,0,0
8,5,3,0,0,0
5,1,4,0,0,0
8,6,2,0,0,0
5,0,5,0,0,0
8,0,8,0,0,0
5,3,2,0,0,0
5,1,4,0,0,0
5,1,4,0,0,0
5,2,3,0,0,0
10,4,6,0,0,0
12,2,10,0,0,0
5,0,5,0,0,0
5,0,5,0,0,0
5,0,5,0,0,0
7,4,3,0,0,0
7,1,6,0,0,0
8,2,6,0,0,0
5,2,3,0,0,0
8,2,6,0,0,0
8,0,8,0,0,0
10,9,1,0,0,0
3,0,3,0,0,0
5,1,4,5,0,5
15,2,13,0,0,0
10,6,4,0,0,0
5,0,5,0,0,0
5,3,2,0,0,0
8,0,8,0,0,0
12,1,11,0,0,0
5,2,3,0,0,0
20,5,15,0,0,0
8,0,8,0,0,0
5,0,5,0,0,0
5,1,4,0,0,0
10,7,3,0,0,0
12,0,12,0,0,0
30,8,22,0,0,0
30,8,22,0,0,0
25,25,0,0,0,0
37,31,6,0,0,0
25,14,11,0,0,0
37,31,6,4,0,4
60,55,5,0,0,0
30,28,2,3,0,3
30,27,3,3,0,3
30,29,1,5,0,5
30,29,1,0,0,0
170,158,12,0,0,0
30,30,0,0,0,0
30,30,0,0,0,0
30,29,1,0,0,0
25,25,0,2,0,2
30,27,3,0,0,0
25,17,8,2,0,2
66,41,25,0,0,0
33,23,10,0,0,0
33,18,15,0,0,0
106,105,1,0,0,0
35,35,0,2,0,2
36,36,0,2,0,2
35,34,1,2,0,2
50,34,16,0,0,0
25,20,5,5,0,5
25,14,11,5,0,5
25,12,13,0,0,0
60,56,4,0,0,0
25,12,13,5,0,5
30,28,2,3,0,3
30,24,6,0,0,0
30,28,2,3,0,3
50,28,22,0,0,0
30,24,6,4,0,4
50,28,22,0,0,0
39,39,0,10,0,10
163,161,2,0,0,0
45,45,0,3,0,3
39,39,0,10,0,10
40,38,2,5,0,5
106,104,2,0,0,0
30,30,0,0,0,0
38,37,1,2,0,2
38,37,1,2,0,2
50,26,24,0,0,0
50,26,24,0,0,0
34,30,4,0,0,0
35,29,6,4,0,4
35,35,0,4,0,4
34,30,4,5,0,5
70,64,6,0,0,0
55,44,11,20,0,20
5,1,4,0,0,0
55,54,1,20,0,20
55,41,14,20,0,20
35,30,5,30,0,30
31,25,6,20,0,20
72,71,1,30,0,30
72,70,2,30,0,30
50,29,21,0,0,0
26,25,1,10,0,10
10,4,6,10,0,10
32,27,5,10,0,10
20,11,9,10,0,10
8,7,1,5,0,5
24,22,2,10,0,10
20,12,8,10,0,10
1,4,0,0,0,0
25,15,10,10,0,10
5,0,5,0,0,0
1,0,1,0,0,0
3,0,3,0,0,0
4,0,4,0,0,0
3,2,1,0,0,0
1,1,0,0,0,0
1,0,1,0,0,0
1,0,1,0,0,0
1,0,1,0,0,0
5,0,5,0,0,0
1,0,1,0,0,0
99,0,99,0,0,0
99,0,99,0,0,0
99,0,99,0,0,0
15,5,10,0,0,0
20,2,18,0,0,0
20,1,19,0,0,0
100,3,97,0,0,0
100,5,95,0,0,0
100,0,100,0,0,0
99,0,99,0,0,0
20,1,19,0,0,0
99,1,98,0,0,0
99,1,98,0,0,0
99,1,98,0,0,0
99,1,98,0,0,0
100,3,97,0,0,0
99,1,98,0,0,0
99,0,99,0,0,0
99,0,99,0,0,0
99,4,95,0,0,0
99,7,92,0,0,0
99,1,98,0,0,0
99,4,95,0,0,0
99,0,99,0,0,0
99,1,98,0,0,0
20,1,19,0,0,0
99,2,97,0,0,0
100,1,99,0,0,0
99,0,99,0,0,0
100,1,99,0,0,0
100,1,99,0,0,0
100,6,94,0,0,0
100,1,99,0,0,0
100,4,96,0,0,0
99,0,99,0,0,0
100,1,99,0,0,0
99,0,99,0,0,0
1,0,1,0,0,0
100,2,98,0,0,0
100,0,100,0,0,0
100,0,100,0,0,0
99,1,98,0,0,0
99,1,98,0,0,0
99,0,99,0,0,0
99,0,99,0,0,0
99,0,99,0,0,0
100,6,94,0,0,0
100,3,97,0,0,0
100,0,100,0,0,0
99,5,94,0,0,0
100,1,99,0,0,0
99,0,99,0,0,0
99,3,96,0,0,0
111,42,69,0,0,0
111,11,100,0,0,0
2,0,2,0,0,0
99,0,99,0,0,0
99,1,98,0,0,0
99,2,97,0,0,0
99,1,98,0,0,0
100,0,100,0,0,0
99,4,95,0,0,0
99,1,98,0,0,0
20,0,20,0,0,0
99,0,99,0,0,0
99,0,99,0,0,0
99,1,98,0,0,0
99,1,98,0,0,0
2,1,1,0,0,0
99,0,99,0,0,0
99,1,98,0,0,0
99,0,99,0,0,0
99,0,99,0,0,0
99,0,99,0,0,0
100,0,100,0,0,0
99,3,96,0,0,0
99,1,98,0,0,0
99,1,98,0,0,0
44,31,13,10,0,10
0,55,0,0,0,0
35,8,27,30,0,30
44,31,13,0,0,0
35,23,12,30,0,30
0,19,0,15,0,15
35,7,28,20,0,20
45,35,10,10,0,10
0,18,0,15,0,15
0,18,0,15,0,15
10,0,10,0,0,0
20,0,20,0,0,0
10,0,10,0,0,0
10,0,10,0,0,0
20,0,20,0,0,0
10,0,10,0,0,0
20,0,20,0,0,0
10,0,10,0,0,0
10,0,10,0,0,0
20,0,20,0,0,0
10,0,10,0,0,0
10,0,10,0,0,0
1,0,1,0,0,0
20,0,20,0,0,0
10,0,10,0,0,0
20,0,20,0,0,0
20,0,20,0,0,0
10,0,10,0,0,0
10,0,10,0,0,0
20,0,20,0,0,0
10,0,10,0,0,0
10,0,10,0,0,0
10,0,10,0,0,0
10,0,10,0,0,0
10,0,10,0,0,0
20,0,20,0,0,0
20,0,20,0,0,0
20,1,19,0,0,0
20,0,20,0,0,0
10,0,10,0,0,0
10,0,10,0,0,0
20,0,20,0,0,0
20,0,20,0,0,0
20,0,20,0,0,0
20,0,20,0,0,0
20,0,20,0,0,0
20,0,20,0,0,0
20,0,20,0,0,0
10,0,10,0,0,0
10,0,10,0,0,0
10,0,10,0,0,0
10,0,10,0,0,0
20,1,19,0,0,0
20,0,20,0,0,0
20,0,20,0,0,0
10,0,10,0,0,0
20,0,20,0,0,0
20,0,20,0,0,0
20,0,20,0,0,0
20,0,20,0,0,0
10,0,10,0,0,0
20,0,20,0,0,0
10,0,10,0,0,0
10,0,10,0,0,0
20,0,20,0,0,0
10,0,10,0,0,0
20,1,19,0,0,0
10,0,10,0,0,0
20,0,20,0,0,0
10,0,10,0,0,0
10,0,10,0,0,0
20,0,20,0,0,0
10,0,10,0,0,0
20,0,20,0,0,0
20,4,16,0,0,0
10,0,10,0,0,0
40,30,10,20,0,20
40,33,7,30,0,30
63,29,34,0,0,0
21,14,7,10,0,10
21,15,6,10,0,10
35,10,25,20,0,20
35,27,8,30,0,30
35,6,29,20,0,20
70,32,38,40,0,40
75,49,26,10,0,10
50,21,29,0,0,0
35,27,8,30,0,30
35,12,23,20,0,20
45,23,22,20,0,20
50,44,6,20,0,20
35,29,6,20,0,20
30,17,13,0,0,0
30,17,13,10,0,10
0,3,0,0,0,0
0,3,0,0,0,0
48,31,17,0,0,0
40,32,8,20,0,20
16,15,1,10,0,10
75,45,30,0,0,0
16,16,0,10,0,10
75,45,30,30,0,30
10,0,10,0,0,0
20,0,20,0,0,0
20,0,20,0,0,0
10,0,10,0,0,0
10,0,10,0,0,0
10,0,10,0,0,0
10,0,10,0,0,0
10,0,10,0,0,0
20,0,20,0,0,0
10,0,10,0,0,0
10,0,10,0,0,0
10,0,10,0,0,0
20,0,20,0,0,0
10,0,10,0,0,0
20,0,20,0,0,0
10,0,10,0,0,0
20,1,19,0,0,0
10,0,10,0,0,0
10,1,9,0,0,0
20,0,20,0,0,0
20,0,20,0,0,0
10,3,7,0,0,0
20,0,20,0,0,0
20,2,18,0,0,0
10,0,10,0,0,0
10,0,10,0,0,0
10,0,10,0,0,0
20,0,20,0,0,0
10,0,10,0,0,0
10,0,10,0,0,0
10,0,10,0,0,0
20,0,20,0,0,0
10,1,9,0,0,0
10,0,10,0,0,0
10,0,10,0,0,0
20,0,20,0,0,0
20,0,20,0,0,0
20,0,20,0,0,0
20,0,20,0,0,0
10,0,10,0,0,0
20,0,20,0,0,0
20,0,20,0,0,0
10,0,10,0,0,0
5,0,5,0,0,0
10,1,9,0,0,0
10,0,10,0,0,0
10,0,10,0,0,0
20,0,20,0,0,0
20,0,20,0,0,0
10,0,10,0,0,0
20,1,19,0,0,0
20,3,17,0,0,0
10,0,10,0,0,0
10,1,9,0,0,0
10,0,10,0,0,0
20,1,19,0,0,0
10,0,10,0,0,0
10,0,10,0,0,0
10,0,10,0,0,0
10,0,10,0,0,0
20,1,19,0,0,0
10,0,10,0,0,0
20,0,20,0,0,0
10,0,10,0,0,0
10,0,10,0,0,0
20,0,20,0,0,0
20,1,19,0,0,0
20,0,20,0,0,0
20,1,19,0,0,0
20,1,19,0,0,0
20,0,20,0,0,0
10,0,10,0,0,0
20,1,19,0,0,0
10,0,10,0,0,0
10,0,10,0,0,0
20,0,20,0,0,0
10,0,10,0,0,0
10,0,10,0,0,0
10,0,10,0,0,0
10,0,10,0,0,0
10,0,10,0,0,0
10,0,10,0,0,0
20,0,20,0,0,0
10,0,10,0,0,0
20,0,20,0,0,0
20,0,20,0,0,0
10,0,10,0,0,0
10,1,9,0,0,0
10,0,10,0,0,0
10,0,10,0,0,0
10,0,10,0,0,0
10,0,10,0,0,0
20,0,20,0,0,0
10,0,10,0,0,0
10,0,10,0,0,0
20,0,20,0,0,0
10,0,10,0,0,0
10,0,10,0,0,0
10,0,10,0,0,0
10,0,10,0,0,0
20,0,20,0,0,0
10,0,10,0,0,0
10,0,10,0,0,0
10,0,10,0,0,0
10,2,8,0,0,0
20,0,20,0,0,0
10,0,10,0,0,0
20,0,20,0,0,0
10,0,10,0,0,0
10,0,10,0,0,0
20,0,20,0,0,0
10,0,10,0,0,0
20,0,20,0,0,0
20,0,20,0,0,0
10,0,10,0,0,0
20,0,20,0,0,0
10,0,10,0,0,0
10,1,9,0,0,0
10,0,10,0,0,0
10,0,10,0,0,0
10,0,10,0,0,0
10,0,10,0,0,0
20,0,20,0,0,0
20,0,20,0,0,0
20,0,20,0,0,0
20,0,20,0,0,0
20,0,20,0,0,0
20,1,19,0,0,0
10,0,10,0,0,0
20,0,20,0,0,0
10,0,10,0,0,0
10,0,10,0,0,0
10,0,10,0,0,0
10,0,10,0,0,0
10,0,10,0,0,0
10,0,10,0,0,0
10,0,10,0,0,0
10,0,10,0,0,0
10,1,9,0,0,0
20,0,20,0,0,0
10,0,10,0,0,0
20,0,20,0,0,0
10,0,10,0,0,0
10,0,10,0,0,0
20,0,20,0,0,0
10,0,10,0,0,0
10,0,10,0,0,0
10,0,10,0,0,0
10,0,10,0,0,0
20,1,19,0,0,0
5,0,5,0,0,0
20,1,19,0,0,0
20,0,20,0,0,0
10,0,10,0,0,0
10,0,10,0,0,0
10,0,10,0,0,0
20,2,18,0,0,0
20,1,19,0,0,0
10,0,10,0,0,0
10,0,10,0,0,0
10,0,10,0,0,0
10,0,10,0,0,0
10,0,10,0,0,0
20,0,20,0,0,0
20,0,20,0,0,0
20,0,20,0,0,0
20,1,19,0,0,0
20,0,20,0,0,0
20,0,20,0,0,0
20,1,19,0,0,0
10,0,10,0,0,0
10,0,10,0,0,0
10,0,10,0,0,0
20,0,20,0,0,0
10,0,10,0,0,0
10,0,10,0,0,0
20,0,20,0,0,0
10,0,10,0,0,0
5,0,5,0,0,0
10,0,10,0,0,0
10,0,10,0,0,0
20,0,20,0,0,0
10,0,10,0,0,0
20,0,20,0,0,0
10,0,10,0,0,0
20,0,20,0,0,0
10,0,10,0,0,0
10,0,10,0,0,0
20,0,20,0,0,0
10,0,10,0,0,0
20,0,20,0,0,0
10,0,10,0,0,0
20,0,20,0,0,0
20,1,19,0,0,0
10,0,10,0,0,0
20,3,17,0,0,0
20,0,20,0,0,0
20,2,18,0,0,0
20,0,20,0,0,0
20,0,20,0,0,0
10,0,10,0,0,0
20,1,19,0,0,0
20,3,17,0,0,0
10,0,10,0,0,0
20,1,19,0,0,0
25,21,4,20,0,20
0,2,0,0,0,0
15,0,15,5,0,5
10,0,10,0,0,0
20,0,20,0,0,0
20,0,20,0,0,0
10,0,10,0,0,0
20,0,20,0,0,0
40,0,40,0,0,0
10,0,10,0,0,0
35,25,10,40,0,40
35,14,21,10,0,10
35,10,25,0,0,0
35,8,27,0,0,0
35,9,26,10,0,10
35,23,12,30,0,30
50,22,28,25,0,25
35,15,20,20,0,20
35,14,21,0,0,0
10,0,10,0,0,0
20,0,20,0,0,0
20,0,20,0,0,0
20,0,20,0,0,0
10,0,10,0,0,0
10,1,9,0,0,0
10,1,9,0,0,0
10,0,10,0,0,0
20,0,20,0,0,0
10,0,10,0,0,0
10,0,10,0,0,0
20,0,20,0,0,0
20,0,20,0,0,0
20,0,20,0,0,0
10,0,10,0,0,0
20,0,20,0,0,0
20,0,20,0,0,0
10,0,10,0,0,0
20,0,20,0,0,0
10,0,10,0,0,0
20,1,19,0,0,0
10,5,5,0,0,0
20,0,20,0,0,0
10,0,10,0,0,0
20,0,20,0,0,0
10,1,9,0,0,0
10,0,10,0,0,0
10,0,10,0,0,0
10,1,9,0,0,0
10,0,10,0,0,0
20,1,19,0,0,0
10,0,10,0,0,0
20,0,20,0,0,0
10,2,8,0,0,0
20,2,18,0,0,0
10,0,10,0,0,0
20,0,20,0,0,0
10,1,9,0,0,0
20,0,20,0,0,0
20,0,20,0,0,0
20,0,20,0,0,0
20,0,20,0,0,0
10,2,8,0,0,0
20,0,20,0,0,0
20,0,20,0,0,0
10,0,10,0,0,0
10,2,8,0,0,0
10,0,10,0,0,0
20,1,19,0,0,0
10,0,10,0,0,0
20,0,20,0,0,0
10,1,9,0,0,0
10,2,8,0,0,0
10,1,9,0,0,0
20,1,19,0,0,0
10,0,10,0,0,0
20,0,20,0,0,0
20,4,16,0,0,0
10,0,10,0,0,0
20,0,20,0,0,0
20,0,20,0,0,0
25,0,25,0,0,0
10,3,7,0,0,0
20,0,20,0,0,0
10,0,10,0,0,0
10,0,10,0,0,0
10,0,10,0,0,0
20,0,20,0,0,0
20,0,20,0,0,0
20,1,19,0,0,0
10,2,8,0,0,0
20,0,20,0,0,0
20,0,20,0,0,0
10,0,10,0,0,0
15,1,14,0,0,0
20,0,20,0,0,0
10,0,10,0,0,0
20,3,17,0,0,0
20,0,20,0,0,0
10,0,10,0,0,0
20,0,20,0,0,0
20,0,20,0,0,0
20,0,20,0,0,0
25,0,25,0,0,0
20,0,20,0,0,0
10,3,7,0,0,0
5,0,5,0,0,0
10,0,10,0,0,0
20,0,20,0,0,0
10,0,10,0,0,0
10,0,10,0,0,0
20,0,20,0,0,0
10,0,10,0,0,0
20,0,20,0,0,0
10,0,10,0,0,0
10,0,10,0,0,0
10,0,10,0,0,0
10,0,10,0,0,0
10,0,10,0,0,0
20,0,20,0,0,0
5,0,5,0,0,0
10,0,10,0,0,0
10,0,10,0,0,0
10,1,9,0,0,0
20,0,20,0,0,0
20,0,20,0,0,0
10,0,10,0,0,0
10,0,10,0,0,0
10,1,9,0,0,0
20,0,20,0,0,0
20,0,20,0,0,0
10,0,10,0,0,0
20,0,20,0,0,0
20,0,20,0,0,0
20,0,20,0,0,0
20,4,16,0,0,0
20,1,19,0,0,0
10,0,10,0,0,0
10,0,10,0,0,0
20,0,20,0,0,0
20,0,20,0,0,0
10,0,10,0,0,0
20,0,20,0,0,0
10,0,10,0,0,0
15,0,15,0,0,0
10,0,10,0,0,0
10,0,10,0,0,0
10,0,10,0,0,0
10,0,10,0,0,0
20,0,20,0,0,0
20,0,20,0,0,0
10,0,10,0,0,0
10,1,9,0,0,0
20,0,20,0,0,0
20,0,20,0,0,0
100,0,100,0,0,0
10,2,8,0,0,0
10,0,10,0,0,0
10,0,10,0,0,0
10,4,6,0,0,0
10,1,9,0,0,0
20,0,20,0,0,0
20,0,20,0,0,0
20,3,17,0,0,0
10,0,10,0,0,0
20,0,20,0,0,0
25,0,25,0,0,0
20,0,20,0,0,0
20,0,20,0,0,0
10,0,10,0,0,0
20,0,20,0,0,0
30,13,17,10,0,10
20,0,20,10,0,10
10,0,10,0,0,0
10,4,6,0,0,0
10,0,10,0,0,0
10,0,10,0,0,0
10,2,8,0,0,0
10,0,10,0,0,0
5,1,4,0,0,0
20,3,17,0,0,0
10,1,9,0,0,0
20,2,18,0,0,0
10,2,8,0,0,0
10,0,10,0,0,0
10,1,9,0,0,0
10,1,9,0,0,0
10,5,5,0,0,0
10,1,9,0,0,0
10,0,10,0,0,0
10,2,8,0,0,0
20,0,20,0,0,0
20,0,20,0,0,0
10,0,10,0,0,0
20,5,15,0,0,0
20,0,20,0,0,0
10,0,10,0,0,0
20,0,20,0,0,0
10,0,10,0,0,0
20,1,19,0,0,0
20,0,20,0,0,0
20,0,20,0,0,0
10,8,2,0,0,0
20,1,19,0,0,0
20,1,19,0,0,0
10,1,9,0,0,0
10,2,8,0,0,0
10,0,10,0,0,0
20,4,16,0,0,0
10,0,10,0,0,0
10,4,6,0,0,0
20,6,14,0,0,0
20,0,20,0,0,0
10,4,6,0,0,0
2,1,1,0,0,0
20,5,15,0,0,0
10,3,7,0,0,0
20,0,20,0,0,0
20,7,13,0,0,0
20,3,17,0,0,0
10,2,8,0,0,0
20,1,19,0,0,0
20,7,13,0,0,0
20,7,13,0,0,0
20,2,18,0,0,0
10,6,4,0,0,0
20,0,20,0,0,0
10,0,10,0,0,0
10,6,4,0,0,0
20,0,20,0,0,0
10,2,8,0,0,0
10,0,10,0,0,0
20,1,19,0,0,0
10,3,7,0,0,0
10,2,8,0,0,0
20,0,20,0,0,0
20,1,19,0,0,0
10,0,10,0,0,0
20,3,17,0,0,0
10,5,5,0,0,0
20,0,20,0,0,0
20,1,19,0,0,0
20,0,20,0,0,0
10,0,10,0,0,0
10,3,7,0,0,0
10,1,9,0,0,0
10,0,10,0,0,0
10,5,5,0,0,0
20,0,20,0,0,0
20,2,18,0,0,0
20,0,20,0,0,0
10,2,8,0,0,0
10,7,3,0,0,0
10,6,4,0,0,0
20,0,20,0,0,0
20,8,12,0,0,0
20,1,19,0,0,0
10,2,8,0,0,0
20,0,20,0,0,0
20,5,15,0,0,0
10,1,9,0,0,0
20,1,19,0,0,0
20,0,20,0,0,0
20,2,18,0,0,0
10,0,10,0,0,0
20,0,20,0,0,0
5,0,5,0,0,0
25,0,25,0,0,0
20,1,19,0,0,0
10,0,10,0,0,0
10,0,10,0,0,0
10,7,3,0,0,0
20,0,20,0,0,0
15,9,6,0,0,0
10,0,10,0,0,0
25,0,25,0,0,0
20,0,20,0,0,0
10,0,10,0,0,0
10,0,10,0,0,0
10,3,7,0,0,0
20,0,20,0,0,0
20,3,17,0,0,0
1,0,1,0,0,0
10,0,10,0,0,0
10,0,10,0,0,0
10,0,10,0,0,0
10,3,7,0,0,0
20,1,19,0,0,0
20,2,18,0,0,0
20,0,20,0,0,0
15,8,7,0,0,0
10,0,10,0,0,0
10,0,10,0,0,0
20,0,20,0,0,0
10,2,8,0,0,0
20,2,18,0,0,0
20,1,19,0,0,0
20,4,16,0,0,0
10,0,10,0,0,0
15,10,5,0,0,0
20,1,19,0,0,0
10,5,5,0,0,0
20,0,20,0,0,0
1,0,1,0,0,0
10,0,10,0,0,0
20,0,20,0,0,0
10,1,9,0,0,0
10,3,7,0,0,0
10,1,9,0,0,0
10,0,10,0,0,0
20,0,20,0,0,0
10,4,6,0,0,0
10,0,10,0,0,0
10,0,10,0,0,0
10,5,5,0,0,0
10,1,9,0,0,0
20,0,20,0,0,0
20,0,20,0,0,0
15,6,9,0,0,0
20,0,20,0,0,0
10,1,9,0,0,0
100,0,100,0,0,0
5,0,5,0,0,0
10,1,9,0,0,0
10,3,7,0,0,0
15,7,8,0,0,0
15,3,12,0,0,0
10,0,10,0,0,0
20,5,15,0,0,0
20,0,20,0,0,0
10,5,5,0,0,0
10,3,7,0,0,0
10,3,7,0,0,0
10,0,10,0,0,0
20,4,16,0,0,0
25,3,22,0,0,0
20,3,17,0,0,0
20,3,17,0,0,0
20,0,20,0,0,0
10,0,10,0,0,0
10,0,10,0,0,0
10,0,10,0,0,0
10,1,9,0,0,0
10,0,10,0,0,0
10,0,10,0,0,0
10,0,10,0,0,0
10,3,7,0,0,0
10,0,10,0,0,0
10,0,10,0,0,0
10,0,10,0,0,0
10,0,10,0,0,0
10,1,9,0,0,0
10,0,10,0,0,0
10,0,10,0,0,0
10,0,10,0,0,0
10,0,10,0,0,0
10,1,9,0,0,0
10,0,10,0,0,0
10,1,9,0,0,0
10,0,10,0,0,0
10,0,10,0,0,0
10,0,10,0,0,0
10,3,7,0,0,0
10,0,10,0,0,0
10,0,10,0,0,0
58,14,44,0,0,0
100,54,46,0,0,0
200,0,200,0,0,0
0,1,0,0,0,0
50,0,50,0,0,0
50,0,50,0,0,0
200,5,195,0,0,0
50,16,34,0,0,0
200,147,53,0,0,0
200,20,180,0,0,0
80,67,13,0,0,0
26,22,4,0,0,0
2,2,0,0,0,0
25,3,22,0,0,0
2,1,1,0,0,0
2,1,1,0,0,0
2,0,2,0,0,0
2,1,1,0,0,0
2,0,2,0,0,0
2,1,1,0,0,0
4,0,4,0,0,0
2,0,2,0,0,0
2,0,2,0,0,0
2,0,2,0,0,0
2,0,2,0,0,0
16,7,9,0,0,0
16,7,9,0,0,0
2,0,2,0,0,0
2,0,2,0,0,0
2,1,1,0,0,0
2,0,2,0,0,0
2,1,1,0,0,0
2,0,2,0,0,0
2,1,1,0,0,0
2,1,1,0,0,0
2,0,2,0,0,0
1,0,1,0,0,0
2,1,1,0,0,0
2,0,2,0,0,0
2,0,2,0,0,0
2,0,2,0,0,0
2,0,2,0,0,0
2,0,2,0,0,0
2,0,2,0,0,0
4,4,0,0,0,0
2,0,2,0,0,0
2,0,2,0,0,0
2,0,2,0,0,0
2,0,2,0,0,0
2,0,2,0,0,0
2,0,2,0,0,0
2,0,2,0,0,0
2,1,1,0,0,0
2,1,1,0,0,0
2,0,2,0,0,0
2,0,2,0,0,0
2,0,2,0,0,0
2,1,1,0,0,0
2,0,2,0,0,0
2,1,1,0,0,0
2,0,2,0,0,0
2,0,2,0,0,0
2,0,2,0,0,0
2,0,2,0,0,0
2,0,2,0,0,0
2,1,1,0,0,0
2,0,2,0,0,0
2,0,2,0,0,0
2,0,2,0,0,0
2,0,2,0,0,0
2,2,0,0,0,0
2,2,0,0,0,0
2,1,1,0,0,0
2,0,2,0,0,0
18,10,8,0,0,0
10,0,10,0,0,0
20,0,20,0,0,0
20,0,20,0,0,0
20,1,19,0,0,0
20,0,20,0,0,0
10,0,10,0,0,0
20,0,20,0,0,0
20,0,20,0,0,0
10,0,10,0,0,0
20,1,19,0,0,0
10,0,10,0,0,0
10,0,10,0,0,0
20,0,20,0,0,0
10,0,10,0,0,0
10,0,10,0,0,0
20,0,20,0,0,0
10,0,10,0,0,0
10,0,10,0,0,0
10,0,10,0,0,0
10,0,10,0,0,0
10,0,10,0,0,0
20,1,19,0,0,0
10,1,9,0,0,0
10,2,8,0,0,0
20,1,19,0,0,0
10,0,10,0,0,0
10,0,10,0,0,0
10,0,10,0,0,0
1,1,0,0,0,0
15,0,15,0,0,0
5,3,2,0,0,0
20,0,20,0,0,0
20,0,20,0,0,0
10,0,10,0,0,0
10,0,10,0,0,0
10,3,7,0,0,0
5,0,5,0,0,0
20,0,20,0,0,0
10,0,10,0,0,0
20,2,18,0,0,0
10,2,8,0,0,0
10,1,9,0,0,0
20,0,20,0,0,0
10,0,10,0,0,0
20,2,18,0,0,0
20,0,20,0,0,0
10,0,10,0,0,0
35,35,0,0,0,0
40,40,0,0,0,0
35,32,3,0,0,0
290,285,5,0,0,0
25,25,0,10,0,10
24,23,1,10,0,10
24,23,1,10,0,10
24,24,0,10,0,10
24,23,1,10,0,10
24,23,1,10,0,10
24,24,0,10,0,10
24,24,0,10,0,10
25,25,0,10,0,10
24,22,2,10,0,10
24,24,0,10,0,10
25,25,0,10,0,10
299,295,4,0,0,0
25,25,0,10,0,10
25,25,0,10,0,10
25,25,0,10,0,10
25,25,0,10,0,10
25,25,0,10,0,10
24,23,1,10,0,10
24,24,0,10,0,10
25,25,0,10,0,10
25,25,0,10,0,10
25,25,0,10,0,10
25,24,1,10,0,10
25,24,1,10,0,10
30,16,14,0,0,0
10,0,10,0,0,0
10,0,10,0,0,0
10,0,10,0,0,0
10,0,10,0,0,0
10,1,9,0,0,0
10,1,9,0,0,0
10,0,10,0,0,0
10,0,10,0,0,0
10,0,10,0,0,0
10,0,10,0,0,0
10,0,10,0,0,0
10,0,10,0,0,0
10,0,10,0,0,0
10,2,8,0,0,0
10,0,10,0,0,0
10,0,10,0,0,0
10,0,10,0,0,0
10,0,10,0,0,0
10,0,10,0,0,0
10,0,10,0,0,0
10,0,10,0,0,0
10,0,10,0,0,0
10,0,10,0,0,0
10,0,10,0,0,0
10,0,10,0,0,0
10,0,10,0,0,0
10,0,10,0,0,0
10,0,10,0,0,0
10,0,10,0,0,0
10,0,10,0,0,0
10,0,10,0,0,0
10,0,10,0,0,0
10,0,10,0,0,0
10,0,10,0,0,0
10,0,10,0,0,0
10,0,10,0,0,0
10,0,10,0,0,0
10,0,10,0,0,0
10,0,10,0,0,0
10,0,10,0,0,0
10,0,10,0,0,0
10,0,10,0,0,0
10,0,10,0,0,0
10,0,10,0,0,0
10,0,10,0,0,0
10,0,10,0,0,0
10,0,10,0,0,0
10,0,10,0,0,0
10,0,10,0,0,0
10,0,10,0,0,0
10,0,10,0,0,0
10,0,10,0,0,0
10,0,10,0,0,0
10,0,10,0,0,0
10,0,10,0,0,0
10,0,10,0,0,0
10,0,10,0,0,0
10,0,10,0,0,0
10,0,10,0,0,0
30,15,15,0,0,0
30,9,21,0,0,0
21,20,1,30,0,30
21,20,1,0,0,0
10,0,10,0,0,0
3,3,0,1,0,1
3,3,0,0,0,0
10,0,10,0,0,0
10,1,9,0,0,0
10,0,10,0,0,0
10,0,10,0,0,0
10,0,10,0,0,0
10,1,9,0,0,0
10,1,9,0,0,0
10,0,10,0,0,0
10,0,10,0,0,0
10,0,10,0,0,0
10,0,10,0,0,0
10,0,10,0,0,0
10,0,10,0,0,0
10,0,10,0,0,0
10,0,10,0,0,0
10,0,10,0,0,0
10,0,10,0,0,0
10,0,10,0,0,0
10,0,10,0,0,0
10,0,10,0,0,0
10,0,10,0,0,0
10,0,10,0,0,0
10,1,9,0,0,0
10,0,10,0,0,0
10,0,10,0,0,0
10,0,10,0,0,0
10,0,10,0,0,0
10,0,10,0,0,0
10,0,10,0,0,0
10,0,10,0,0,0
10,0,10,0,0,0
10,0,10,0,0,0
10,0,10,0,0,0
10,0,10,0,0,0
10,0,10,0,0,0
10,0,10,0,0,0
10,0,10,0,0,0
10,0,10,0,0,0
10,0,10,0,0,0
10,0,10,0,0,0
10,0,10,0,0,0
10,0,10,0,0,0
10,0,10,0,0,0
10,0,10,0,0,0
20,0,20,0,0,0
10,0,10,0,0,0
10,0,10,0,0,0
10,0,10,0,0,0
10,0,10,0,0,0
10,1,9,0,0,0
10,0,10,0,0,0
10,0,10,0,0,0
10,0,10,0,0,0
10,0,10,0,0,0
10,1,9,0,0,0
10,0,10,0,0,0
10,0,10,0,0,0
10,0,10,0,0,0
10,0,10,0,0,0
10,0,10,0,0,0
10,0,10,0,0,0
10,0,10,0,0,0
10,0,10,0,0,0
10,0,10,0,0,0
10,0,10,0,0,0
10,0,10,0,0,0
10,0,10,0,0,0
10,0,10,0,0,0
10,0,10,0,0,0
10,0,10,0,0,0
10,1,9,0,0,0
10,0,10,0,0,0
10,0,10,0,0,0
10,0,10,0,0,0
10,1,9,0,0,0
10,0,10,0,0,0
10,0,10,0,0,0
10,0,10,0,0,0
10,0,10,0,0,0
10,0,10,0,0,0
10,0,10,0,0,0
10,0,10,0,0,0
10,0,10,0,0,0
10,0,10,0,0,0
10,0,10,0,0,0
10,0,10,0,0,0
10,0,10,0,0,0
10,0,10,0,0,0
20,9,11,0,0,0
30,27,3,0,0,0
30,10,20,0,0,0
30,14,16,0,0,0
10,0,10,0,0,0
10,0,10,0,0,0
10,1,9,0,0,0
10,3,7,0,0,0
10,0,10,0,0,0
20,2,18,0,0,0
10,1,9,0,0,0
10,0,10,0,0,0
10,5,5,0,0,0
10,0,10,0,0,0
10,2,8,0,0,0
10,3,7,0,0,0
10,0,10,0,0,0
10,3,7,0,0,0
10,0,10,0,0,0
10,1,9,0,0,0
10,2,8,0,0,0
10,0,10,0,0,0
10,0,10,0,0,0
10,2,8,0,0,0
10,0,10,0,0,0
10,4,6,0,0,0
10,2,8,0,0,0
10,1,9,0,0,0
10,0,10,0,0,0
10,3,7,0,0,0
10,1,9,0,0,0
10,1,9,0,0,0
10,2,8,0,0,0
10,1,9,0,0,0
10,2,8,0,0,0
10,2,8,0,0,0
10,0,10,0,0,0
10,5,5,0,0,0
10,0,10,0,0,0
10,3,7,0,0,0
10,3,7,0,0,0
10,3,7,0,0,0
10,0,10,0,0,0
10,2,8,0,0,0
10,1,9,0,0,0
10,0,10,0,0,0
10,0,10,0,0,0
10,0,10,0,0,0
10,2,8,0,0,0
10,2,8,0,0,0
70,34,36,0,0,0
100,66,34,0,0,0
10,0,10,0,0,0
10,1,9,0,0,0
10,4,6,0,0,0
10,2,8,0,0,0
10,2,8,0,0,0
10,0,10,0,0,0
10,1,9,0,0,0
10,5,5,0,0,0
10,0,10,0,0,0
10,0,10,0,0,0
10,3,7,0,0,0
10,2,8,0,0,0
10,1,9,0,0,0
10,0,10,0,0,0
10,2,8,0,0,0
10,2,8,0,0,0
10,0,10,0,0,0
10,1,9,0,0,0
10,0,10,0,0,0
10,3,7,0,0,0
10,1,9,0,0,0
10,0,10,0,0,0
10,0,10,0,0,0
10,0,10,0,0,0
10,2,8,0,0,0
10,2,8,0,0,0
10,0,10,0,0,0
10,1,9,0,0,0
10,0,10,0,0,0
10,0,10,0,0,0
10,1,9,0,0,0
10,0,10,0,0,0
10,1,9,0,0,0
10,1,9,0,0,0
10,0,10,0,0,0
10,0,10,0,0,0
10,1,9,0,0,0
10,0,10,0,0,0
10,4,6,0,0,0
10,3,7,0,0,0
10,2,8,0,0,0
10,0,10,0,0,0
10,0,10,0,0,0
10,0,10,0,0,0
10,1,9,0,0,0
10,0,10,0,0,0
10,1,9,0,0,0
35,4,31,0,0,0
15,0,15,0,0,0
15,0,15,0,0,0
1,0,1,0,0,0
3,0,3,0,0,0
15,0,15,0,0,0
15,0,15,0,0,0
1,0,1,0,0,0
15,0,15,0,0,0
15,0,15,0,0,0
1,0,1,0,0,0
1,0,1,0,0,0
3,0,3,0,0,0
15,0,15,0,0,0
5,0,5,0,0,0
15,0,15,0,0,0
15,0,15,0,0,0
3,0,3,0,0,0
1,0,1,0,0,0
1,0,1,0,0,0
15,0,15,0,0,0
15,0,15,0,0,0
15,0,15,0,0,0
2,0,2,0,0,0
15,0,15,0,0,0
15,0,15,0,0,0
80,41,39,0,0,0
80,78,2,0,0,0
80,57,23,0,0,0
31,25,6,0,0,0
31,25,6,0,0,0
50,18,32,0,0,0
80,39,41,0,0,0
80,55,25,0,0,0
5,0,5,0,0,0
5,0,5,0,0,0
3,0,3,0,0,0
5,1,4,0,0,0
5,0,5,0,0,0
5,1,4,0,0,0
5,0,5,0,0,0
5,0,5,0,0,0
5,0,5,0,0,0
5,0,5,0,0,0
5,1,4,0,0,0
5,2,3,0,0,0
5,0,5,0,0,0
5,0,5,0,0,0
5,0,5,0,0,0
5,0,5,0,0,0
30,16,14,0,0,0
30,30,0,0,0,0
30,9,21,0,0,0
5,0,5,0,0,0
3,0,3,0,0,0
30,9,21,0,0,0
3,0,3,0,0,0
5,0,5,0,0,0
5,0,5,0,0,0
5,1,4,0,0,0
5,1,4,0,0,0
5,0,5,0,0,0
5,1,4,0,0,0
5,0,5,0,0,0
5,0,5,0,0,0
5,0,5,0,0,0
5,0,5,0,0,0
5,0,5,0,0,0
5,0,5,0,0,0
5,0,5,0,0,0
5,0,5,0,0,0
5,0,5,0,0,0
5,0,5,0,0,0
5,0,5,0,0,0
5,0,5,0,0,0
5,0,5,0,0,0
4,0,4,0,0,0
5,0,5,0,0,0
5,0,5,0,0,0
5,0,5,0,0,0
3,0,3,0,0,0
5,0,5,0,0,0
5,0,5,0,0,0
5,0,5,0,0,0
5,0,5,0,0,0
5,0,5,0,0,0
3,0,3,0,0,0
5,0,5,0,0,0
5,0,5,0,0,0
5,0,5,0,0,0
5,4,1,0,0,0
5,1,4,0,0,0
5,1,4,0,0,0
5,0,5,0,0,0
5,3,2,0,0,0
3,0,3,0,0,0
5,0,5,0,0,0
5,1,4,0,0,0
5,0,5,0,0,0
5,1,4,0,0,0
5,0,5,0,0,0
5,0,5,0,0,0
5,0,5,0,0,0
5,0,5,0,0,0
5,0,5,0,0,0
5,3,2,0,0,0
3,0,3,0,0,0
5,0,5,0,0,0
5,1,4,0,0,0
5,0,5,0,0,0
5,0,5,0,0,0
5,0,5,0,0,0
5,0,5,0,0,0
5,0,5,0,0,0
1,0,1,0,0,0
5,0,5,0,0,0
5,0,5,0,0,0
5,1,4,0,0,0
7,1,6,0,0,0
20,0,20,0,0,0
10,0,10,0,0,0
5,2,3,0,0,0
5,3,2,0,0,0
5,0,5,0,0,0
5,2,3,0,0,0
5,2,3,0,0,0
5,0,5,0,0,0
20,0,20,0,0,0
5,1,4,0,0,0
20,1,19,0,0,0
5,0,5,0,0,0
20,0,20,0,0,0
5,0,5,0,0,0
5,0,5,0,0,0
5,0,5,0,0,0
7,0,7,0,0,0
10,0,10,0,0,0
5,0,5,0,0,0
5,1,4,0,0,0
10,2,8,0,0,0
5,1,4,0,0,0
5,0,5,0,0,0
5,1,4,0,0,0
5,0,5,0,0,0
5,0,5,0,0,0
10,0,10,0,0,0
5,0,5,0,0,0
5,2,3,0,0,0
5,0,5,0,0,0
5,1,4,0,0,0
5,3,2,0,0,0
5,2,3,0,0,0
5,2,3,0,0,0
5,0,5,0,0,0
5,0,5,0,0,0
5,1,4,0,0,0
5,0,5,0,0,0
5,1,4,0,0,0
5,3,2,0,0,0
5,2,3,0,0,0
20,0,20,0,0,0
5,0,5,0,0,0
5,0,5,0,0,0
5,2,3,0,0,0
5,0,5,0,0,0
5,0,5,0,0,0
20,0,20,0,0,0
5,0,5,0,0,0
5,0,5,0,0,0
5,1,4,0,0,0
20,0,20,0,0,0
5,1,4,0,0,0
5,0,5,0,0,0
5,0,5,0,0,0
20,0,20,0,0,0
20,1,19,0,0,0
5,0,5,0,0,0
0,1,0,0,0,0
35,13,22,0,0,0
20,17,3,0,0,0
1,1,0,0,0,0
1,0,1,0,0,0
35,4,31,0,0,0
1,1,0,0,0,0
25,0,25,0,0,0
1,1,0,0,0,0
1,0,1,0,0,0
1,0,1,0,0,0
2,2,0,0,0,0
15,11,4,0,0,0
2,2,0,0,0,0
100,28,72,50,0,50
110,99,11,50,0,50
15,6,9,0,0,0
200,20,180,50,0,50
250,54,196,50,0,50
50,13,37,0,0,0
50,13,37,50,0,50
20,14,6,0,0,0
20,14,6,0,0,0
1,0,1,0,0,0
75,37,38,25,0,25
2,0,2,0,0,0
1,1,0,0,0,0
1,0,1,0,0,0
3,0,3,0,0,0
1,0,1,0,0,0
2,0,2,0,0,0
2,0,2,0,0,0
1,0,1,0,0,0
1,0,1,0,0,0
1,1,0,0,0,0
5,1,4,0,0,0
4,0,4,0,0,0
6,1,5,0,0,0
1,0,1,0,0,0
15,5,10,0,0,0
4,0,4,0,0,0
4,0,4,0,0,0
1,0,1,0,0,0
4,0,4,0,0,0
6,0,6,0,0,0
4,0,4,0,0,0
2,2,0,0,0,0
3,0,3,0,0,0
4,1,3,0,0,0
1,0,1,0,0,0
1,0,1,0,0,0
2,0,2,0,0,0
1,1,0,0,0,0
6,0,6,0,0,0
3,0,3,0,0,0
1,0,1,0,0,0
3,1,2,0,0,0
5,0,5,0,0,0
2,1,1,0,0,0
2,0,2,0,0,0
3,0,3,0,0,0
6,1,5,0,0,0
3,0,3,0,0,0
5,0,5,0,0,0
3,1,2,0,0,0
10,1,9,0,0,0
3,2,1,0,0,0
9,0,9,0,0,0
25,2,23,0,0,0
15,8,7,25,0,25
7,7,0,0,0,0
7,7,0,0,0,0
7,7,0,0,0,0
5,6,0,0,0,0
5,6,0,0,0,0
1,1,0,0,0,0
5,6,0,0,0,0
0,1,0,0,0,0
108,106,2,0,0,0
16,11,5,25,0,25
22,17,5,25,0,25
2,3,0,0,0,0
4,3,1,25,0,25
22,19,3,25,0,25
21,21,0,25,0,25
20,19,1,25,0,25
0,1,0,0,0,0
22,18,4,25,0,25
1,1,0,0,0,0
10,3,7,25,0,25
17,7,10,25,0,25
20,14,6,25,0,25
3,3,0,0,0,0
5,1,4,25,0,25
18,12,6,25,0,25
115,112,3,0,0,0
18,14,4,25,0,25
18,18,0,25,0,25
18,15,3,25,0,25
22,16,6,25,0,25
18,17,1,25,0,25
12,12,0,0,0,0
13,13,0,25,0,25
18,16,2,25,0,25
1,1,0,0,0,0
13,8,5,25,0,25
15,12,3,25,0,25
1,1,0,0,0,0
2,2,0,0,0,0
1,1,0,0,0,0
5,5,0,25,0,25
1,1,0,0,0,0
